report_year,table,station,name,developer,type,gfa,award,completion,tender_period,site_ha,award_ym
2025,已批出,Ho Man Tin Station,ONMANTIN,Great Eagle Group,Residential,69000.0,December 2016,Completed in 2025,,,2016-12
2025,已批出,Ho Man Tin Station,IN ONE,Chinachem Group,Residential,59400.0,October 2018,Completed by phases in 2024 and 2025,,,2018-10
2025,已批出,LOHAS Park Station,SEASONS PLACE/ PARK SEASONS/ GRAND SEASONS,Wheelock and Company Limited,Residential,89290.0,February 2020,Completed in 2025,,,2020-02
2025,已批出,LOHAS Park Station,LA MIRABELLE,"Sino Land Company Limited, Kerry Properties Limited, K. Wah International Holdings Limited and China Merchants Land Limited",Residential,143694.0,October 2020,By phases in 2026,,,2020-10
2025,已批出,Tai Wai Station,THE PAVILIA FARM,New World Development Company Limited,Residential,190480.0,October 2014,By phases from 2022 to 2026,,,2014-10
2025,已批出,Tai Wai Station,,,Retail,60620.0,,Completed in 2022,,,
2025,已批出,Tin Wing Stop,YOHO WEST,Sun Hung Kai Properties Limited,Residential,91051.0,February 2015,Completed in,,,2015-02
2025,已批出,Tin Wing Stop,,,Retail,205.0,,2025,,,
2025,已批出,Wong Chuk Hang Station (THE SOUTHSIDE),Blue Coast/Blue Coast II,CK Asset Holdings Limited,Residential,92900.0,August 2018,Completed in 2025,,,2018-08
2025,已批出,Wong Chuk Hang Station (THE SOUTHSIDE),,,Retail,47000.0,,Completed in 2023,,,
2025,已批出,Wong Chuk Hang Station (THE SOUTHSIDE),Deep Water Pavilia/ Deep Water Pavilia II,"New World Development Company Limited, Empire Development Hong Kong (BVI) Limited, CSI Properties Limited and Lai Sun Development Company Limited",Residential,59100.0,January 2021,2026,,,2021-01
2025,已批出,Wong Chuk Hang Station (THE SOUTHSIDE),DEEP WATER SOUTH,Wheelock Properties Limited,Residential,46800.0,April 2021,2026,,,2021-04
2025,已批出,Yau Tong Ventilation Building,ONE PARK PLACE,Sino Land Company Limited and CSI Properties Limited,Residential,30225.0,May 2018,2026,,,2018-05
2025,已批出,Pak Shing Kok Ventilation Building,Pak Shing Kok Ventilation Building,New World Development Company Limited and China Merchants Land Limited,Residential,27006.0,April 2022,2031,,,2022-04
2025,已批出,Tung Chung Traction Substation,Tung Chung Traction Substation,Chinachem Group,Residential,87288.0,July 2022,2031,,,2022-07
2025,已批出,Tung Chung East Station,Package 1,Nan Fung Group Holdings Limited,Residential,30000.0,December 2024,2031,,,2024-12
2025,已批出,Tuen Mun A16 Station,Package 1,Sun Hung Kai Properties Limited,Residential,55847.0,November 2025,2031,,,2025-11
2025,已批出,Kam Sheung Road Station#,GRAND MAYFAIR,"Sino Land Company Limited, China Overseas Land & Investment Limited and K. Wah International Holdings Limited",Residential,114896.0,May 2017,By phases from 2024 to 2026,,,2017-05
2025,待招标,,Kwu Tung North(2) San Tin Station(2),,Residential Mixed-use Development,,,To be confirmed To be confirmed,To be confirmed To be confirmed,,
2025,西铁,Property Development Packages Awarded,Tuen Mun,,,,August 2006,By phases from 2012 – 2014,,2.65,2006-08
2025,西铁,Property Development Packages Awarded,Tsuen Wan West (TW7),,,,September 2008,2014,,2.37,2008-09
2025,西铁,Property Development Packages Awarded,Nam Cheong,,,,October 2011,By phases from 2017 – 2019,,6.18,2011-10
2025,西铁,Property Development Packages Awarded,Long Ping (North),,,,October 2012,2017,,0.99,2012-10
2025,西铁,Property Development Packages Awarded,Tsuen Wan West (TW5) Cityside,,,,January 2012,2018,,1.34,2012-01
2025,西铁,Property Development Packages Awarded,Tsuen Wan West (TW5) Bayside,,,,August 2012,2018,,4.29,2012-08
2025,西铁,Property Development Packages Awarded,Tsuen Wan West (TW6),,,,January 2013,2018,,1.38,2013-01
2025,西铁,Property Development Packages Awarded,Long Ping (South),,,,June 2013,2019,,0.84,2013-06
2025,西铁,Property Development Packages Awarded,Yuen Long,,,,August 2015,By phases from 2022 – 2023,,3.91,2015-08
2025,西铁,Property Development Packages Awarded,Kam Sheung Road Package 1,,,,May 2017,By phases from 2024 – 2026,,4.17,2017-05
2025,西铁,Property Development Packages to be Awarded,Pat Heung Maintenance Centre,,,,Under review,Under review,,About 23.56,
