slug,code,name_en,name_zh,address,district,lat,lon,site_area,gfa_total,gfa_comm,gfa_resi,units,gazette,status,programme,url
205-211a-hai-tan-street-demand-led-redevelopment-project-dl-2-ssp,DL-2:SSP,205-211A Hai Tan Street Demand-Led Redevelopment Project (DL-2:SSP),海壇街205至211A號需求主導重建項目 (DL-2:SSP),Hai Tan Street,Sham Shui Po / Cheung Sha Wan,22.328237,114.158621,,3600.0,468.0,,76.0,,Project commenced in April 2012. Project completed in Dec 2020,,https://www.ura.org.hk/en/project/redevelopment/205-211a-hai-tan-street-demand-led-redevelopment-project-dl-2-ssp
anchor-street-fuk-tsun-street-development-scheme,,Anchor Street / Fuk Tsun Street Development Scheme,晏架街/ 褔全街發展計劃,"Anchor Street, Fuk Tsun Street",Tai Kok Tsui / Mong Kok / Yau Ma Tei,22.320259,114.16519,,,,,,,Project commenced in March 2008. Project completed in 2019.,,https://www.ura.org.hk/en/project/redevelopment/anchor-street-fuk-tsun-street-development-scheme
argyle-street-shanghai-street-project-langham-place,,Argyle Street/Shanghai Street Project,亞皆老街╱上海街項目,"Argyle Street, Shanghai Street",Tai Kok Tsui / Mong Kok / Yau Ma Tei,22.318179,114.168606,,167414.0,160866.0,,,,Project completed 2005/06,,https://www.ura.org.hk/en/project/redevelopment/argyle-street-shanghai-street-project-langham-place
bailey-street-wing-kwong-street-development-project-kc-009,KC-009,Bailey Street / Wing Kwong Street Development Project (KC-009),庇利街／榮光街發展項目 (KC-009)," Nos. 107-109 Ma Tau Wai Road (odd nos.), Nos. 2-50 Wing Kwong Street (even nos.), Nos.1-13 Wan Tat Street (odd nos.), Nos. 1-19 Wan Fat Street, Nos. 1-20 Wan Hing Street, Nos. 1-20 Wan Lok Street and Nos. 3-21 Bailey Street (odd nos.), To Kwa Wan",Ma Tau Kok / To Kwa Wan / Hung Hom / Kowloon City,22.313073,114.187928,,66600.0,11100.0,,1296.0,,Demolition works of existing building were completed. Construction works in progress.,Targeted completion by 2027.,https://www.ura.org.hk/en/project/redevelopment/bailey-street-wing-kwong-street-development-project-kc-009
baker-court-project,,Baker Court Project,必嘉圍項目,Baker Court,Ma Tau Kok / To Kwa Wan / Hung Hom / Kowloon City,22.306819,114.183593,,2338.0,261.0,,68.0,,Project completed in 2011.,,https://www.ura.org.hk/en/project/redevelopment/baker-court-project
bedford-road-larch-street-project-i-home,,Bedford Road/Larch Street Project,必發道／洋松街項目,Larch Street,Tai Kok Tsui / Mong Kok / Yau Ma Tei,22.321906,114.164656,,10363.0,1148.0,,182.0,,Construction completed in March 2009,,https://www.ura.org.hk/en/project/redevelopment/bedford-road-larch-street-project-i-home
cherry-street-project-florient-rise,,Cherry Street Project,櫻桃街項目,Cherry Street,Tai Kok Tsui / Mong Kok / Yau Ma Tei,22.318571,114.16141,,43231.0,4916.0,,522.0,,Project completed in 2009.,,https://www.ura.org.hk/en/project/redevelopment/cherry-street-project-florient-rise
cheung-wah-street-cheung-sha-wan-road-development-scheme-ssp-018,SSP-018,Cheung Wah Street / Cheung Sha Wan Road Development Scheme (SSP-018),昌華街 / 長沙灣道發展計劃 (SSP-018),"Cheung Wah Street, Cheung Sha Wan Road",Sham Shui Po / Cheung Sha Wan,22.33792372933,114.15347256097,,44175.0,5195.0,38978.0,,,"The Government Gazette for the commencement of the Development Scheme (“the Project”) was first published on 24 September 2021 and a freezing survey was conducted in the project area on the same day. According to section 25 of URAO, the URA submitted the draft Development Scheme Plan (“DSP”) of the Project to Town Planning Board (“TPB”) for consideration on 24 September 2021. On 28 January 2022, t",Project commenced in September 2021. Targeted completion by 2030-2035.,https://www.ura.org.hk/en/project/redevelopment/cheung-wah-street-cheung-sha-wan-road-development-scheme-ssp-018
chi-kiang-street-ha-heung-road-development-project,,Chi Kiang Street / Ha Heung Road Development Project,浙江街 / 下鄉道發展項目,"Chi Kiang Street, Ha Heung Road, Kowloon City Road",Ma Tau Kok / To Kwa Wan / Hung Hom / Kowloon City,22.315791,114.188159,,,,,175.0,,Project commenced in February 2008 . Project completed in May 2017.,,https://www.ura.org.hk/en/project/redevelopment/chi-kiang-street-ha-heung-road-development-project
chun-tin-street-sung-chi-street-development-scheme-kc-008-a,,Chun Tin Street / Sung Chi Street Development Scheme (KC-008(A)) (eResidence Tower 3),春田街/崇志街發展計劃 (KC-008(A)) (煥然懿居 第三座), Nos. 2-24 Chun Tin Street (even nos.) and Nos. 2-4 Hok Yuen Street (even nos.),Ma Tau Kok / To Kwa Wan / Hung Hom / Kowloon City,22.311034,114.188237,,13845.0,1575.0,,260.0,,The Project was commenced on 6 May 2016. Construction works in progress.,Targeted completion by 2026.,https://www.ura.org.hk/en/project/redevelopment/chun-tin-street-sung-chi-street-development-scheme-kc-008-a
dl-1-229a-g-hai-tan-street-project,DL-1:SSP,229A-G Hai Tan Street Demand-Led Redevelopment Project (DL-1:SSP),海壇街229A至G號需求主導重建項目 (DL-1:SSP), Hai Tan Street,Sham Shui Po / Cheung Sha Wan,22.329112,114.157522,,3640.0,405.0,,87.0,,Project announced in April 2012. Joint Development tender awarded in December 2014. Project completed in March 2019,Project completed in March 2019.,https://www.ura.org.hk/en/project/redevelopment/dl-1-229a-g-hai-tan-street-project
dl-10-hang-on-street-project,DL-10:KT,Hang On Street Project (Demand-led Redevelopment Project (DL-10:KT)),恒安街項目 (需求主導重建項目 (DL-10:KT)), Hang On Street,Kwun Tong,22.315689,114.22242,,,,,156.0,,Project completed in 2024.,Project completed in 2024.,https://www.ura.org.hk/en/project/redevelopment/dl-10-hang-on-street-project
dl-11-ash-street-project,DL-11:YTM,Ash Street Demand-Led Redevelopment Project (DL-11:YTM),槐樹街需求主導重建項目 (DL-11:YTM),Ash Street,Tai Kok Tsui / Mong Kok / Yau Ma Tei,22.320342,114.164472,,2923.0,,,63.0,,The project was commenced on 29 May 2015. Construction works in progress.,Targeted completion by 2026/2027.,https://www.ura.org.hk/en/project/redevelopment/dl-11-ash-street-project
dl-3-pine-street-oak-street-project,DL-3:YTM,Pine Street / Oak Street Project (DL-3:YTM),杉樹街∕橡樹街項目 (DL-3:YTM),"Pine Street, Oak Street",Tai Kok Tsui / Mong Kok / Yau Ma Tei,22.320666,114.163822,,,,,142.0,2013-03-22,The Project was commenced on 20 April 2012. The SDEV's decision to authorize the Project was gazetted on 22 March 2013. Project completed in December 2021.,Project completed in December 2021.,https://www.ura.org.hk/en/project/redevelopment/dl-3-pine-street-oak-street-project
dl-6-ytm-fuk-chak-st-li-tak-st,DL-6:YTM,Fuk Chak Street / Li Tak Street Project (Demand-Led Redevelopment Project (DL-6:YTM)),福澤街 / 利得街項目 (需求主導重建項目  (DL-6:YTM)),"Fuk Chak Street, Li Tak Street",Tai Kok Tsui / Mong Kok / Yau Ma Tei,22.320586,114.16149,,,,,144.0,,The project was commenced and published in the Gazette on 28 June 2013. The Government gazetted the resumption of land for implementation of the Project by Urban Renewal Authority on 24 April 2015.  The land has been reverted to the Government on 24 July 2015. Project completed in September 2021.,Project completed in September 2021.,https://www.ura.org.hk/en/project/redevelopment/dl-6-ytm-fuk-chak-st-li-tak-st
dl-7-wong-chuk-street-project,DL-7:SSP,Wong Chuk Street Demand-Led Redevelopment Project  (DL-7:SSP),黃竹街需求主導重建項目  (DL-7:SSP),Wong Chuk Street,Sham Shui Po / Cheung Sha Wan,22.329277,114.165731,,,,,,2013-06-28,"Project commencement was gazetted on 28 June 2013. The URA issued conditional acquisition offers to property owners on 11 September 2013. One of the conditions for the conditional acquisition offers is the signing of agreement for sale and purchase by owners of not less than 80% of undivided shares of each lot in the redevelopment site within 75 days of the issue of offer, i.e. on or before 25 Nov",,https://www.ura.org.hk/en/project/redevelopment/dl-7-wong-chuk-street-project
first-street-second-street-project-island-crest,,First Street / Second Street Project,第一街 / 第二街項目,"First Street, Second Street",Central & Western,22.286359,114.143023,,38178.0,1722.0,,488.0,,Project completed in 2010.,,https://www.ura.org.hk/en/project/redevelopment/first-street-second-street-project-island-crest
fuk-tsun-street-pine-street-project,,Fuk Tsun Street / Pine Street Project,福全街／杉樹街發展項目,Fuk Tsun Street,Tai Kok Tsui / Mong Kok / Yau Ma Tei,22.32127,114.164027,,,,,113.0,,Project commenced in December 2005. Project completed in September 2014.,,https://www.ura.org.hk/en/project/redevelopment/fuk-tsun-street-pine-street-project
fuk-wing-street-fuk-wa-street-vista,,Fuk Wing Street / Fuk Wa Street,福榮街 / 福華街項目,"Fuk Wing Street, Fuk Wa Street",Sham Shui Po / Cheung Sha Wan,22.332757,114.162036,,12453.0,2075.0,,173.0,,,,https://www.ura.org.hk/en/project/redevelopment/fuk-wing-street-fuk-wa-street-vista
fuk-wing-street-project,,Fuk Wing Street Project,福榮街發展項目,Fuk Wing Street,Sham Shui Po / Cheung Sha Wan,22.3296518,114.1654401,,,,,136.0,,Project announced in March 2011. Project completed in December 2018.,,https://www.ura.org.hk/en/project/redevelopment/fuk-wing-street-project
hai-tan-street-kweilin-street-pei-ho-street-development-scheme,,Hai Tan Street / Kweilin Street & Pei Ho Street Development Scheme,海壇街／桂林街及北河街發展計劃,"Hai Tan Street, Kweilin Street, Pei Ho Street",Sham Shui Po / Cheung Sha Wan,22.3280171,114.1591674,,57339.0,5312.0,,876.0,,Project commenced in February 2006. Project completed in October 2021.,,https://www.ura.org.hk/en/project/redevelopment/hai-tan-street-kweilin-street-pei-ho-street-development-scheme
hanoi-road-project-the-masterpiece,,Hanoi Road Project,河內道項目,Hanoi Road,Tsim Sha Tsui,22.297462,114.1737265,,102625.0,31209.0,,345.0,,Project completed in 2018-19,,https://www.ura.org.hk/en/project/redevelopment/hanoi-road-project-the-masterpiece
ib-2,IB-2:SSP,777-783 Yu Chau West Street Industrial Building Redevelopment Pilot Scheme Project (IB-2:SSP),汝州西街777-783號工業樓宇重建項目（先導計劃）(IB-2:SSP),Yu Chau West Street,Sham Shui Po / Cheung Sha Wan,22.339787,114.149757,,,,,,,,,https://www.ura.org.hk/en/project/redevelopment/ib-2
ib1-smithfield-redevelopment,IB-1:CW,No. 12P Smithfield Industrial Building Redevelopment Pilot Scheme Project (IB-1:CW),士美菲路12P號工業樓宇重建項目（先導計劃）(IB-1:CW),Smithfield,Central & Western,22.280805,114.129153,,,,,,,,,https://www.ura.org.hk/en/project/redevelopment/ib1-smithfield-redevelopment
johnston-road-project-j-residence,,Johnston Road Project,莊士敦道項目,"Johnston Road, Ship Street",Wan Chai,22.2771085,114.1750309,,20567.0,2600.0,,381.0,,"Project completed in 2008/09 The 5 preserved shophouses at Nos. 60-66 Johnston Road and No. 18 Ship Street are part of the commercial portion of the development project. In March 2014, the developer has purchased the URA's share of commercial portion in exercising the rights allowed in accordance with the conditions of the development agreement signed in 2004, and the transaction has been complete",,https://www.ura.org.hk/en/project/redevelopment/johnston-road-project-j-residence
ka-wai-man-road-project-mount-davis-33,,Ka Wai Man Road Project,加惠民道項目,Ka Wai Man Road,Central & Western,22.281376,114.123876,,7280.0,,,89.0,,Project completed in 2007/08.,,https://www.ura.org.hk/en/project/redevelopment/ka-wai-man-road-project-mount-davis-33
kai-ming-street-project,DL-8:KC,Kai Ming Street Demand-Led Redevelopment Project (DL-8:KC),啟明街需求主導重建項目 (DL-8:KC),Kai Ming Street ,Ma Tau Kok / To Kwa Wan / Hung Hom / Kowloon City,22.313718,114.188889,,4546.0,308.0,,72.0,,The project was commenced on 19 December 2013. No objection to the project was received by the URA during the two-month publication period (19 December 2013 to 19 February 2014). SDEV has considered the project and authorized the URA to proceed with the project on 24 May 2014. Land of the project has been reverted to the Government. This project was combined with KC-011 for development. Constructi,Targeted completion by 2027/2028.,https://www.ura.org.hk/en/project/redevelopment/kai-ming-street-project
kai-tak-road-sa-po-road-development-scheme-kc-015,KC-015,Kai Tak Road / Sa Po Road Development Scheme (KC-015),啟德道/沙浦道發展計劃 (KC-015),"Kai Tak Road, Sa Po Road ",Ma Tau Kok / To Kwa Wan / Hung Hom / Kowloon City,22.329759,114.192445,,48168.0,8028.0,40140.0,,,"The Government Gazette for the commencement of the Development Scheme (“the Project”) was first published on 22 February 2019 and a freezing survey was conducted in the project area on the same day. According to section 25 of URAO, the URA submitted the draft Development Scheme Plan (“DSP”) of the Project to Town Planning Board (“TPB”) for consideration on 22 February 2019. On 5 July 2019, the TPB",Project commenced in February 2019. Targeted completion by 2030/31. Proposed Redevelopment The Project aims to rationalize the land uses through replanning and restructuring and to improve the pedestr,https://www.ura.org.hk/en/project/redevelopment/kai-tak-road-sa-po-road-development-scheme-kc-015
kau-pui-lung-road-chi-kiang-street-development-scheme-cbs-2-kc,CBS-2:KC,Kau Pui Lung Road / Chi Kiang Street Development Scheme (CBS-2:KC),靠背壟道 / 浙江街發展計劃 (CBS-2:KC),"Maidstone Road, Kau Pui Lung Road, Kiang Su Street, Chi Kiang Street",Ma Tau Kok / To Kwa Wan / Hung Hom / Kowloon City,22.316573,114.186905,,139275.0,15475.0,123800.0,,,"The Government Gazette for the commencement of the Development Scheme (“the Project”) was first published on 22 May 2020 and a freezing survey was conducted within the Project on the same day. According to section 25 of URAO and as stated in the Gazette Notice, the URA submitted the draft Development Scheme Plan (“DSP”), the Stage 1 and Stage 2 Social Impact Assessment (“SIA”) Reports of the Proje",Project commenced in May 2020. Targeted completion by 2033.,https://www.ura.org.hk/en/project/redevelopment/kau-pui-lung-road-chi-kiang-street-development-scheme-cbs-2-kc
kc-008-chun-tin-street-sung-chi-street,KC-008,Chun Tin Street/Sung Chi Street Development Project (KC-008),春田街／崇志街發展項目 (KC-008),"Chun Tin Street, Hok Yuen Street",Ma Tau Kok / To Kwa Wan / Hung Hom / Kowloon City,22.311094,114.187841,,,,,,,,,https://www.ura.org.hk/en/project/redevelopment/kc-008-chun-tin-street-sung-chi-street
kc-010-hung-fook-street-ngan-hon-street,KC-010,Hung Fook Street / Ngan Hon Street Development Scheme (KC-010),鴻福街／銀漢街發展計劃 (KC-010),"Hung Fook Street, Ngan Hon Street",Ma Tau Kok / To Kwa Wan / Hung Hom / Kowloon City,22.314362,114.188845,,41058.0,6843.0,,750.0,,"The Government Gazette for the commencement of the Development Scheme (“the Project”) was first published on 3 June 2016.  According to section 25 of URAO, the URA submitted the draft Development Scheme Plan (“DSP”) of the Project to Town Planning Board (“TPB”) for consideration. The Chief Executive in Council (“CE in C”) approved the draft DSP of the Project on 31 October 2017 and published the d",Targeted completion by 2027/28.,https://www.ura.org.hk/en/project/redevelopment/kc-010-hung-fook-street-ngan-hon-street
kc-011,KC-011,Hung Fook Street / Kai Ming Street Development Project (KC-011),鴻福街／啟明街發展項目 (KC-011),"Hung Fook Street, Kai Ming Street, Wing Kwong Street",Ma Tau Kok / To Kwa Wan / Hung Hom / Kowloon City,22.313911,114.188919,,21960.0,3660.0,18300.0,,2016-06-03,Project commencement was gazetted on 3 June 2016. The Secretary for Development (SDEV) has considered the project and the related information and authorized the URA to proceed with the project without any amendment on 22 February 2017.  The SDEV's decision was published in the Gazette on 3 March 2017. Land of the project has been reverted to the Government. Construction works in progress.,Targeted completion by 2027/28.,https://www.ura.org.hk/en/project/redevelopment/kc-011
kc-013,KC-013,Kai Ming Street / Wing Kwong Street Development Project (KC-013),啟明街／榮光街發展項目 (KC-013),"Kai Ming Street, Wing Kwong Street",Ma Tau Kok / To Kwa Wan / Hung Hom / Kowloon City,22.313662,114.18822,,11797.0,1966.0,9831.0,,2017-03-17,Project commencement was gazetted on 17 March 2017. The Secretary for Development (SDEV) has considered the project and the related information and authorized the URA to proceed with the project without any amendment on 9 October 2017.  The SDEV’s decision was first published in the Gazette on 13 October 2017. Land of the project has been reverted to the Government. Construction works in progress.,Targeted completion by 2027/2028. ﻿,https://www.ura.org.hk/en/project/redevelopment/kc-013
kennedy-town-new-praya-project-the-merton,,Kennedy Town New Praya Project,堅尼地城新海旁項目,"Davis Street, New Praya, Kennedy Town",Central & Western,22.283628,114.127173,,62904.0,,,1182.0,,Project completed in 2005,,https://www.ura.org.hk/en/project/redevelopment/kennedy-town-new-praya-project-the-merton
kim-shin-lane-fuk-wa-street-development-project-ssp-017,SSP-017,Kim Shin Lane/ Fuk Wa Street Development Project (SSP-017),兼善里/ 福華街發展項目（SSP-017）,"Kim Shin Lane, Fuk Wing Street, Fuk Wa Street, Castle Peak Road ",Sham Shui Po / Cheung Sha Wan,22.339202961888,114.15330468394,,55500.0,9250.0,46250.0,,2021-09-24,Project commencement was gazetted on 24 September 2021. The Secretary for Development (SDEV) has considered the project and the related information and authorized the URA to proceed with the project without any amendment on 13 June 2022. The SDEV’s decision was first published in the Gazette on 24 June 2022. Appeal Board received an appeal application after the gazettal of SDEV decision.  The deci,"Project commenced in September 2021. Targeted completion by 2032. Proposed Redevelopment Under a “planning-led” approach in urban renewal works in recent years, URA has identified the area in the vici",https://www.ura.org.hk/en/project/redevelopment/kim-shin-lane-fuk-wa-street-development-project-ssp-017
kowloon-city-road-sheung-heung-road-project,,Kowloon City Road / Sheung Heung Road Project,九龍城道/上鄉道發展項目,Kowloon City Road,Ma Tau Kok / To Kwa Wan / Hung Hom / Kowloon City,22.318064,114.189129,,,,,294.0,,Project announced in November 2011. Project development contract awarded on 26 January 2016. Project completed in 2021.,Project completed in 2021.,https://www.ura.org.hk/en/project/redevelopment/kowloon-city-road-sheung-heung-road-project
kowloon-road-kiu-yam-street-project-demand-led-redevelopment-project-dl-4-ssp,DL-4:SSP,Kowloon Road / Kiu Yam Street Project Demand-Led Redevelopment Project (DL-4:SSP),九龍道 / 僑蔭街項目需求主導重建項目 (DL-4:SSP),"Kowloon Road, Kiu Yam Street",Sham Shui Po / Cheung Sha Wan,22.334216,114.162517,,,,,100.0,,The project was commenced and published in the Gazette on 12 April 2013. The Government gazetted the resumption of land for implementation of the Project by Urban Renewal Authority on 6 March 2015.  The land has been reverted to the Government on 6 June 2015.,Construction completed in 2020.,https://www.ura.org.hk/en/project/redevelopment/kowloon-road-kiu-yam-street-project-demand-led-redevelopment-project-dl-4-ssp
kwong-yung-street-project-paradise-square,,Kwong Yung Street Project,廣鏞街項目,Kwong Yung Street ,Tai Kok Tsui / Mong Kok / Yau Ma Tei,22.316425480172,114.17275726202,,15160.0,2414.0,12746.0,,,Construction works of the project completed in 2003.,,https://www.ura.org.hk/en/project/redevelopment/kwong-yung-street-project-paradise-square
kwun-tong-town-centre-project,,Kwun Tong Town Centre Project (K7),觀塘市中心計劃 (K7),"Kwun Tong, Yue Man Square",Kwun Tong,22.314215,114.224791,,1.0,,,,,"Park Metropolitan in Development Area 1 (DA1) was completed in July 2014. Grand Central in Development Areas 2 and 3 (DAs 2&3) was completed in April 2021. A number of planning submissions have been submitted by the Urban Renewal Authority (URA) to the Town Planning Board (TPB) to enhance the planning and design intentions for DAs 4&5. In September 2023, URA made a submission to the Planning Depar",DA1 has been completed in July 2014. DAs 2&3 including the Public Transport Interchange and hawker bazaar has been completed in April 2021. DAs 4&5 underground utilities diversion works are in progres,https://www.ura.org.hk/en/project/redevelopment/kwun-tong-town-centre-project
lai-chi-kok-road-kweilin-street-yee-kuk-street-development-scheme,,Lai Chi Kok Road / Kweilin Street and Yee Kuk Street Development Scheme,荔枝角道／桂林街及醫局街發展計劃,"Lai Chi Kok Road, Kweilin Street, Yee Kuk Street",Sham Shui Po / Cheung Sha Wan,22.32908,114.159475,,,,,402.0,,Project completed in 2015,,https://www.ura.org.hk/en/project/redevelopment/lai-chi-kok-road-kweilin-street-yee-kuk-street-development-scheme
larch-street-fir-street-project-lime-stardom,,Larch Street / Fir Street Project,洋松街／松樹街項目,Larch Street,Tai Kok Tsui / Mong Kok / Yau Ma Tei,22.321303,114.164915,,19735.0,3310.0,,377.0,,Construction works completed in November 2011.,,https://www.ura.org.hk/en/project/redevelopment/larch-street-fir-street-project-lime-stardom
lee-tung-street-mcgregor-street-project,,Lee Tung Street / McGregor Street Project,利東街╱麥加力歌街項目,"Lee Tung Street, McGregor Street",Wan Chai,22.275539,114.172317,,79931.0,9404.0,,1275.0,,Phase I (Tower 5) : construction works completed in 2014. Phase II (Tower 1 - 3) : construction works completed in 2015.,,https://www.ura.org.hk/en/project/redevelopment/lee-tung-street-mcgregor-street-project
ma-tau-wai-road-chun-tin-street-project,,Ma Tau Wai Road / Chun Tin Street Project,馬頭圍道 / 春田街發展項目,"Hok Yuen Street, Ma Tau Wai Road",Ma Tau Kok / To Kwa Wan / Hung Hom / Kowloon City,22.311006,114.187981,,,,,493.0,,"Project completed in 2020Building Collapsed The project involves a cluster of 2 rows of 50-year-old-plus tenement buildings, 1 of which collapsed in whole on 29 Jan 2010, resulting in a tragedy of causalities, homeless families, as well as deep impact of the most on the residents living within the cluster.  The tragedy has aroused immense social awareness of the serious problem of aging privately-",,https://www.ura.org.hk/en/project/redevelopment/ma-tau-wai-road-chun-tin-street-project
ma-tau-wai-road-lok-shan-road-development-project-kc-020,KC-020,Ma Tau Wai Road/ Lok Shan Road Development Project (KC-020),馬頭圍道 / 落山道發展項目 (KC-020),Location:	324 – 354 Ma Tau Wai Road,Ma Tau Kok / To Kwa Wan / Hung Hom / Kowloon City,22.317527949274,114.18736786197,,14190.0,2360.0,11830.0,,2024-08-09,Project commencement was gazetted on 9 August 2024. The Secretary for Development (SDEV) has considered the project and the related information and authorized the URA to proceed with the project without any amendment on 26 August 2025. The SDEV’s decision was first published in the Gazette on 5 September 2025. Any objector who considers to be aggrieved by the decision of SDEV may appeal on or befo,Project commenced in August 2024. Target completion by 2033/34.,https://www.ura.org.hk/en/project/redevelopment/ma-tau-wai-road-lok-shan-road-development-project-kc-020
macpherson-stadium-project,,MacPherson Stadium Project,麥花臣室內場館項目,Nelson Street,Tai Kok Tsui / Mong Kok / Yau Ma Tei,22.3188829,114.172953,,24767.0,2443.0,,293.0,,Project completed in Jan 2014.,,https://www.ura.org.hk/en/project/redevelopment/macpherson-stadium-project
man-on-street-tai-kok-tsui-road-demand-led-redevelopment-project-dl-12-ytm,DL-12:YTM,Man On Street / Tai Kok Tsui Road Demand-led Redevelopment Project (DL-12:YTM),萬安街/大角咀道需求主導重建項目 (DL-12:YTM),"Man On Street, Tai Kok Tsui Road",Tai Kok Tsui / Mong Kok / Yau Ma Tei,22.323725,114.161607,,,,,,2016-12-16,"The Project is a Demand-led Redevelopment Project. The project commencement was gazetted on 16 December 2016. The implementation of the Project is subject to the fulfilment of two conditions precedent. One of the two conditions precedent is the acceptance of the Urban Renewal Authority's conditional acquisition offers and the signing of the relevant legally binding sale and purchase agreements, bo",,https://www.ura.org.hk/en/project/redevelopment/man-on-street-tai-kok-tsui-road-demand-led-redevelopment-project-dl-12-ytm
ming-lun-street-ma-tau-kok-road-development-scheme-kc-018,KC-018,Ming Lun Street / Ma Tau Kok Road Development Scheme (KC-018),明倫街 / 馬頭角道發展計劃 (KC-018),"Nos. 91-113 Ma Tau Kok Road (odd numbers), Nos. 1-28A Ming Lun Street, Nos. 1-15 Chung Sun Street (odd numbers), Nos. 1-16 Hing Yin Street, Nos. 1-17 Hing Yan Street, and Nos. 19-31 Hing Yan Street (odd numbers)",Ma Tau Kok / To Kwa Wan / Hung Hom / Kowloon City,22.319733,114.194066,,79720.0,10500.0,68220.0,,,"The Government Gazette for the commencement of the Development Scheme (“the Project”) was first published on 7 October 2022 and a freezing survey was conducted in the project area on the same day. According to section 25 of URAO, the Urban Renewal Authority (“URA”) had submitted a draft Development Scheme Plan (“DSP”) of the Project, including the Stage 1 and Stage 2 of Social Impact Assessment (“",Project commenced in October 2022. Targeted completion by 2033.,https://www.ura.org.hk/en/project/redevelopment/ming-lun-street-ma-tau-kok-road-development-scheme-kc-018
nga-tsin-wai-road-carpenter-road-development-scheme-kc-017,KC-017,Nga Tsin Wai Road / Carpenter Road Development Scheme (KC-017),衙前圍道 / 賈炳達道發展計劃 (KC-017),"Carpenter Road, Lung Kong Road, Nga Tsin Wai Road, Hau Wong Road, Prince Edward Road East, Tak Ku Ling Road Rest Garden, Tak Ku Ling Road, Carpenter Road Park",Ma Tau Kok / To Kwa Wan / Hung Hom / Kowloon City,22.32964,114.18957,,227718.0,25302.0,202416.0,,,"The Government Gazette for the commencement of the Development Scheme (“the Project”) was first published on 27 May 2022 and a freezing survey was conducted in the project area on the same day. According to section 25 of Urban Renewal Authority Ordinance, the Urban Renewal Authority (“URA”) had submitted a draft Development Scheme Plan (“DSP”) of the Project, including the Stage 1 and Stage 2 of S",Project commenced in May 2022. New Government Complex (include New Kowloon City Market) target to be completed by 2031. Other parts targeted completion by 2035 – 2042.,https://www.ura.org.hk/en/project/redevelopment/nga-tsin-wai-road-carpenter-road-development-scheme-kc-017
nga-tsin-wai-village-project,,Nga Tsin Wai Village Project (K1),衙前圍村項目 (K1),Tung Kwong Road,Wong Tai Sin,22.3352732,114.1931874,,,,,750.0,,"Project commenced in October 2007 . Acquisition, clearance works and compensation have been completed. Archaeological Impact Assessment (AIA) Reports were approved by Antiquities and Monuments Office (AMO) and uploaded to the URA’s and AMO’s website for public viewing. Redevelopment and conservation works will commence shortly.","Targeted completion by 2030/31The “Lost” History Nga Tsin Wai Village is a walled village in the urban area.  About two-thirds of the village houses, mostly buildings of one or two storeys, had alread",https://www.ura.org.hk/en/project/redevelopment/nga-tsin-wai-village-project
oak-street-ivy-street-development-project-ytm-011,YTM-011,Oak Street/Ivy Street Development Project (YTM-011),橡樹街/埃華街發展項目 (YTM-011),"Oak Street, Ivy Street",Tai Kok Tsui / Mong Kok / Yau Ma Tei,22.320937,114.164044,,5565.0,,,,2018-03-16,Project commencement was gazetted on 16 March 2018.  The Secretary for Development (SDEV) has considered the project and the related information and authorized the URA to proceed with the project on 19 November 2018.  The SDEV’s decision was first published in the Gazette on 23 November 2018.,Targeted completion by 2026/2027. Construction works in progress.,https://www.ura.org.hk/en/project/redevelopment/oak-street-ivy-street-development-project-ytm-011
pak-tai-street-mok-cheong-street-project,,Pak Tai Street / Mok Cheong Street Project,北帝街 / 木廠街發展項目,"Pak Tai Street, Mok Cheong Street",Ma Tau Kok / To Kwa Wan / Hung Hom / Kowloon City,22.323074,114.189142,,,,,168.0,,Project commenced in Feb 2008. Project completed in Feb 2016.,,https://www.ura.org.hk/en/project/redevelopment/pak-tai-street-mok-cheong-street-project
pak-tai-street-san-shan-road-project,,Pak Tai Street / San Shan Road Project,北帝街 / 新山道發展項目,"Pak Tai Street, San Shan Road",Ma Tau Kok / To Kwa Wan / Hung Hom / Kowloon City,22.320664,114.188314,,,,,228.0,,Project announced in March 2011. Joint development contract awarded in July 2015. Project completed in 2020.,,https://www.ura.org.hk/en/project/redevelopment/pak-tai-street-san-shan-road-project
peel-street-graham-street-development-scheme,,Peel Street / Graham Street Development Scheme (H18),卑利街／嘉咸街發展計劃 (H18),"Peel Street, Graham Street",Central & Western,22.283418,114.153688,,67214.0,43317.0,,306.0,,Sites A & B completed Construction of Site C in progress,Site B completed in 2019 Site A completed in 2025 Target completion of Site C by 2026,https://www.ura.org.hk/en/project/redevelopment/peel-street-graham-street-development-scheme
pine-street-anchor-street-project,,Pine Street / Anchor Street Project,杉樹街／晏架街項目,Beech Street,Tai Kok Tsui / Mong Kok / Yau Ma Tei,22.320805,114.163342,,20952.0,3492.0,,462.0,,Project completed in 2013.,,https://www.ura.org.hk/en/project/redevelopment/pine-street-anchor-street-project
po-on-road-shun-ning-road-project-beacon-lodge,,Po On Road / Shun Ning Road Project,保安道 / 順寧道項目,"Po On Road, Shun Ning Road",Sham Shui Po / Cheung Sha Wan,22.340167,114.155652,,12534.0,2083.0,,166.0,,Construction work completed in April 2008,,https://www.ura.org.hk/en/project/redevelopment/po-on-road-shun-ning-road-project-beacon-lodge
queen-s-road-east-project-queen-s-cube,,Queen's Road East Project,皇后大道東項目,Queen's Road East,Wan Chai,22.274783,114.173282,,3984.0,441.0,,96.0,,Project completed in 2010.,,https://www.ura.org.hk/en/project/redevelopment/queen-s-road-east-project-queen-s-cube
queen-s-road-west-in-ku-lane-development-scheme-c-and-w-006,C&W-006,Queen’s Road West/ In Ku Lane Development Scheme (C&W-006),皇后大道西／賢居里發展計劃 (C&W-006),"Queen’s Road West, In Ku Lane, Li Sing Street",Central & Western,22.286533,114.14572,,12020.0,1630.0,10390.0,,,Project development contract awarded on 15 December 2022. Construction works in progress.,Target completion by 2029.,https://www.ura.org.hk/en/project/redevelopment/queen-s-road-west-in-ku-lane-development-scheme-c-and-w-006
queen-s-road-west-kwai-heung-street-development-project-c-and-w-007,C&W-007,Queen’s Road West / Kwai Heung Street Development Project  (C&W-007),皇后大道西 / 桂香街發展項目 (C&W-007),2 – 8 Kwai Heung Street (even nos.); 269 – 275 and 287 – 297 Queen’s Road West (odd nos.); and 18 Sung Hing Lane,Central & Western,22.287018968252,114.14269259146,,10150.0,1200.0,8950.0,,2022-12-02,Project commencement was gazetted on 2 December 2022. The Secretary for Development (SDEV) has considered the project and the related information and authorized the URA to proceed with the project without any amendment on 5 September 2023. The SDEV’s decision was first published in the Gazette on 15 September 2023. Appeal Board received appeal applications after the gazettal of SDEV decision.  The,Project commenced in December 2022. Target completion by 2031/32.,https://www.ura.org.hk/en/project/redevelopment/queen-s-road-west-kwai-heung-street-development-project-c-and-w-007
queens-street-project,,Queen Street Project,皇后街項目,Queen Street,Central & Western,22.287043,114.147663,,66233.0,400.0,,1148.0,,Project completed in 2007/08,,https://www.ura.org.hk/en/project/redevelopment/queens-street-project
reclamation-street-project-mod595,,Reclamation Street Project,新填地街項目,Reclamation Street,Tai Kok Tsui / Mong Kok / Yau Ma Tei,22.322533,114.166793,,4921.0,802.0,,85.0,,Construction completed in March 2008,,https://www.ura.org.hk/en/project/redevelopment/reclamation-street-project-mod595
reclamation-street-shantung-street-project,YTM-010,Reclamation Street / Shantung Street Project (YTM-010),新填地街∕山東街發展項目 (YTM-010),Reclamation Street,Tai Kok Tsui / Mong Kok / Yau Ma Tei,22.316742,114.168,,,,,322.0,,"The Project was commenced on February 10, 2012. The URA received objections to the project during the two-month publication period (from February 10, 2012 to April 10, 2012). SDEV has considered the project and authorized the URA to proceed with the project on 30 October 2012. Occupation Permit was obtained in March 2023. Certificate of Compliance was obtained in July 2023. Project completed in 20",,https://www.ura.org.hk/en/project/redevelopment/reclamation-street-shantung-street-project
sai-wan-ho-street-project,,Sai Wan Ho Street Project,西灣河街項目,Sai Wan Ho Street,Shau Kei Wan,22.2797,114.224781,,5680.0,,,144.0,,Project returned by Hong Kong Housing Society to URA with effect from 23 November 2011. Joint Development tender awarded in September 2015. Project completed in 2020.,Project completed in 2020,https://www.ura.org.hk/en/project/redevelopment/sai-wan-ho-street-project
sai-yee-street-flower-market-road-development-scheme-ytm-013,YTM-013,Sai Yee Street / Flower Market Road Development Scheme (YTM-013),洗衣街 / 花墟道發展計劃 (YTM-013),Sai Yee Street / Flower Market Road,Tai Kok Tsui / Mong Kok / Yau Ma Tei,22.325767444939,114.17084812499,,104000.0,,75400.0,,,"The Government Gazette for the commencement of the Development Scheme (“the Project”) was first published on 15 March 2024 and a freezing survey was conducted within the Project on the same day. According to section 25 of Urban Renewal Authority Ordinance, the Urban Renewal Authority (“URA”) submitted a draft Development Scheme Plan (“DSP”) of the Project, including the Stage 1 and Stage 2 of Soci",Project commenced in March 2024. Targeted completion by 2035/2036.,https://www.ura.org.hk/en/project/redevelopment/sai-yee-street-flower-market-road-development-scheme-ytm-013
sai-yee-street-project,,Sai Yee Street Project,洗衣街項目,"Sai Yee Street, Fa Yuen Street, Nelson Street",Tai Kok Tsui / Mong Kok / Yau Ma Tei,22.320259,114.17139,,,,,439.0,,Project announced in December 2007. Project completed in 2017.,,https://www.ura.org.hk/en/project/redevelopment/sai-yee-street-project
san-shan-road-pau-chung-street-project,,San Shan Road / Pau Chung Street Project,新山道 / 炮仗街發展項目,"San Shan Road, Pau Chung Street",Ma Tau Kok / To Kwa Wan / Hung Hom / Kowloon City,22.320791,114.189085,,,,,209.0,,Project announced in May 2009. Joint development tender awarded in April 2014. Construction works completed.,Project completed in 2018.,https://www.ura.org.hk/en/project/redevelopment/san-shan-road-pau-chung-street-project
shantung-street-thistle-street-development-scheme-ytm-012,YTM-012,Shantung Street / Thistle Street Development Scheme (YTM-012),山東街 / 地士道街發展計劃 (YTM-012),"Shantung Street, Thistle Street, Nelson Street",Tai Kok Tsui / Mong Kok / Yau Ma Tei,22.317378,114.167095,,14940.0,2490.0,12450.0,,,"The Government Gazette for the commencement of the Development Scheme (“the Project”) was first published on 16 October 2020 and a freezing survey was conducted in the project area on the same day. According to section 25 of URAO, the URA submitted the draft Development Scheme Plan (“DSP”) of the Project to Town Planning Board (“TPB”) for consideration on 16 October 2020. On 16 April 2021, the TPB",Project commenced in October 2020. Targeted completion by 2030/31.,https://www.ura.org.hk/en/project/redevelopment/shantung-street-thistle-street-development-scheme-ytm-012
shing-tak-street-ma-tau-chung-road-development-project-cbs-1-kc,CBS-1:KC,Shing Tak Street / Ma Tau Chung Road Development Project (CBS-1: KC),盛德街／馬頭涌道發展項目 (CBS-1:KC),"Ma Tau Chung Road, Shing Tak Street, Ma Tau Kok Road",Ma Tau Kok / To Kwa Wan / Hung Hom / Kowloon City,22.323426,114.187799,,38692.0,6449.0,32243.0,,2020-05-22,Project commencement was gazetted on 22 May 2020. The Secretary for Development (SDEV) has considered the project and the related information and authorized the URA to proceed with the project without any amendment on 3 February 2021.  The SDEV’s decision was first published in the Gazette on 11 February 2021. Appeal Board received an appeal application after the gazettal of SDEV decision.  The de,"Project commenced in April 2024. Targeted completion by 2029/2030. Foundation works in progress. Proposed Redevelopment In response to the Policy Address 2018 and 2019 (PAs) by the Chief Executive, th",https://www.ura.org.hk/en/project/redevelopment/shing-tak-street-ma-tau-chung-road-development-project-cbs-1-kc
shun-ning-road-project,,Shun Ning Road Project,順寧道發展項目,Shun Ning Road,Sham Shui Po / Cheung Sha Wan,22.336443,114.159601,,,,,157.0,,Project announced in June 2009. Project completed in July 2018.,,https://www.ura.org.hk/en/project/redevelopment/shun-ning-road-project
ssp-016-castle-peak-road-un-chau-street-development-project,SSP-016,Castle Peak Road / Un Chau Street Development Project (SSP-016),青山道 / 元州街發展項目 (SSP-016),"Castle Peak Road, Un Chau Street ",Sham Shui Po / Cheung Sha Wan,22.336608,114.15825,,14841.0,2474.0,,337.0,2014-02-21,Project commencement was gazetted on 21 February 2014. Project completed in June 2023.,,https://www.ura.org.hk/en/project/redevelopment/ssp-016-castle-peak-road-un-chau-street-development-project
sung-hing-lane-kwai-heung-street-development-project-c-and-w-005,C&W-005,Sung Hing Lane / Kwai Heung Street Development Project (C&W-005),崇慶里/桂香街發展項目 (C&W-005),"Sung Hing Lane, Kwai Heung Street, Des Vouex Road West ",Central & Western,22.287459,114.142664,,8666.0,400.0,,165.0,2017-07-28,Project commencement was gazetted on 28 July 2017. The Secretary for Development (SDEV) has considered the project and the related information and authorized the URA to proceed with the project without any amendment on 13 March 2018.  The SDEV’s decision was first published in the Gazette on 23 March 2018. Land of the project has been reverted to the Government.,Targeted completion by 2026/27.﻿,https://www.ura.org.hk/en/project/redevelopment/sung-hing-lane-kwai-heung-street-development-project-c-and-w-005
to-kwa-wan,DL-9:KC,To Kwa Wan Road Demand-led Redevelopment Project (DL-9:KC),土瓜灣道需求主導重建項目 (DL-9:KC),To Kwa Wan Road,Ma Tau Kok / To Kwa Wan / Hung Hom / Kowloon City,22.316234,114.189249,,,,,,2014-04-11,"Project commencement was gazetted on 11 April 2014. The URA issued conditional acquisition offers to property owners on 25 June 2014. One of the conditions for the conditional acquisition offers is the signing of agreement for sale and purchase by owners of not less than 80% of undivided shares of each lot in the redevelopment site within 75 days of the issue of offer, i.e. on or before 8 Septembe",,https://www.ura.org.hk/en/project/redevelopment/to-kwa-wan
to-kwa-wan-road-ma-tau-kok-road-development-scheme-kc-019,KC-019,To Kwa Wan Road / Ma Tau Kok Road Development Scheme (KC-019),土瓜灣道 / 馬頭角道發展計劃 (KC-019),Nos. 116-118 Ma Tau Kok Road (even nos.).,Ma Tau Kok / To Kwa Wan / Hung Hom / Kowloon City,22.320269,114.194446,,59120.0,7820.0,50800.0,,,"The Government Gazette for the commencement of the Development Scheme (“the Project”) was first published on 7 October 2022 and a freezing survey was conducted in the project area on the same day. According to section 25 of URAO, the Urban Renewal Authority (“URA”) had submitted a draft Development Scheme Plan (“DSP”) of the Project, including the Stage 1 and Stage 2 of Social Impact Assessment (“",Project commenced in October 2022. Targeted completion by 2033.,https://www.ura.org.hk/en/project/redevelopment/to-kwa-wan-road-ma-tau-kok-road-development-scheme-kc-019
to-kwa-wan-road-wing-kwong-street-development-scheme-kc-016,KC-016,To Kwa Wan Road / Wing Kwong Street Development Scheme (KC-016),土瓜灣道 / 榮光街發展計劃 (KC-016),"To Kwa Wan Road, Ma Tau Wai Road, Hung Fook Street. Kai Ming Street, Yuk Shing Street",Ma Tau Kok / To Kwa Wan / Hung Hom / Kowloon City,22.31411,114.18817,,49932.0,8322.0,41610.0,,,"The Government Gazette for the commencement of the Development Scheme (“the Project”) was first published on 5 March 2021 and a freezing survey was conducted in the project area on the same day. According to section 25 of URAO, the Urban Renewal Authority (“URA”) submitted the draft Development Scheme Plan (“DSP”) of the Project to the Town Planning Board (“TPB”) for consideration on 5 March 2021.",Project commenced in March 2021. Targeted completion by 2032.,https://www.ura.org.hk/en/project/redevelopment/to-kwa-wan-road-wing-kwong-street-development-scheme-kc-016
tonkin-street-fuk-wing-street-project,SSP-015,Tonkin Street/ Fuk Wing Street Development Project (SSP-015),東京街 / 福榮街重建項目 (SSP-015),"Tonkin Street, Fuk Wing Street",Sham Shui Po / Cheung Sha Wan,22.335491,114.158454,,,,,198.0,,Occupation Permit was obtained in August 2024. Project completed in 2025.,Project commenced in March 2013. Targeted completion by 2024.,https://www.ura.org.hk/en/project/redevelopment/tonkin-street-fuk-wing-street-project
tsuen-wan-town-centre-project-vision-city,,Tsuen Wan Town Centre Project,荃灣市中心項目,Yeung Uk Road,Tsuen Wan,22.3708814,114.1127584,,134185.0,23221.0,,1466.0,,,,https://www.ura.org.hk/en/project/redevelopment/tsuen-wan-town-centre-project-vision-city
tung-chau-street-kweilin-street-demand-led-redevelopment-project-dl-5-ssp,DL-5:SSP,Tung Chau Street / Kweilin Street (Demand-Led Redevelopment Project (DL-5:SSP)),通州街∕桂林街 (需求主導重建項目 (DL-5:SSP)),"270-286 Tung Chau Street / 1-5 Kweilin Street, Sham Shui Po, Kowloon",Sham Shui Po / Cheung Sha Wan,22.327953,114.158598,,13409.0,4054.0,9355.0,262.0,,The project was commenced on 12 April 2013. Project completed in 2023.,,https://www.ura.org.hk/en/project/redevelopment/tung-chau-street-kweilin-street-demand-led-redevelopment-project-dl-5-ssp
wanchai-road-tai-yuen-street-project-the-zenith,,Wanchai Road/Tai Yuen Street Project,灣仔道╱太原街項目,"Wanchai Road, Tai Yuen Street",Wan Chai,22.2763049,114.1731781,,62310.0,3453.0,,889.0,,Phase I (The Zenith): Construction works completed in 2007. Phase II (One Wanchai): Construction works completed in 2013.,,https://www.ura.org.hk/en/project/redevelopment/wanchai-road-tai-yuen-street-project-the-zenith
waterloo-road-yunnan-lane-project-8-waterloo-road,,Waterloo Road/Yunnan Lane Project,窩打老道／雲南里項目,"Waterloo Road, Yunnan Lane",Tai Kok Tsui / Mong Kok / Yau Ma Tei,22.312413,114.169942,,32012.0,,,576.0,,Project completed in 2007/08,,https://www.ura.org.hk/en/project/redevelopment/waterloo-road-yunnan-lane-project-8-waterloo-road
wing-kwong-street-development-project-kc-012,KC-012,Wing Kwong Street Development Project (KC-012),榮光街發展項目 (KC-012),Nos. 1-27 Wing Kwong Street (odd nos. only),Ma Tau Kok / To Kwa Wan / Hung Hom / Kowloon City,22.313564,114.188302,,10530.0,1755.0,8775.0,,,The project was commenced on 3 June 2016. The Secretary for Development (SDEV) has considered the project and the related information and authorized the URA to proceed with the project without any amendment on 25 February 2017.  The SDEV's decision was published in the Gazette on 10 March 2017. Land of the project has been reverted to the Government. Construction works in progress.,Targeted completion by 2027/2028.﻿,https://www.ura.org.hk/en/project/redevelopment/wing-kwong-street-development-project-kc-012
wing-kwong-street-sung-on-street-project-kc-014,KC-014,Wing Kwong Street / Sung On Street Project (KC-014),榮光街／崇安街發展項目 (KC-014),"Ngan Hon Street, Wing Kwong Street",Ma Tau Kok / To Kwa Wan / Hung Hom / Kowloon City,22.313856,114.189708,,25720.0,4290.0,21430.0,,2018-06-22,"Project commencement was gazetted on 22 June 2018. The Secretary for Development (SDEV) has considered the project and the related information and, on 18 February 2019, authorized the URA to proceed with the project without any amendment.  The SDEV's decision was first published in the Gazette on 1 March 2019. Land of the project has been reverted to the Government. Construction works in progress.",Targeted completion by 2027/28Proposed Redevelopment The URA's initial proposal is to redevelop the project to provide small to medium sized residential units above commercial / retail podium at the l,https://www.ura.org.hk/en/project/redevelopment/wing-kwong-street-sung-on-street-project-kc-014
yeung-uk-road-project-the-dynasty,,Yeung Uk Road Project,楊屋道項目,Yeung Uk Road,Tsuen Wan,22.3687795,114.1126876,,44404.0,17373.0,,256.0,,Construction completed in January 2009,,https://www.ura.org.hk/en/project/redevelopment/yeung-uk-road-project-the-dynasty
yu-lok-lane-centre-street-project,,Third Street / Yu Lok Lane / Centre Street,第三街 / 餘樂里 / 正街項目,"Third Street, Yu Lok Lane, Centre Street",Central & Western,22.285511,114.14159,,16463.0,245.0,,255.0,,Project completed in 2016.,,https://www.ura.org.hk/en/project/redevelopment/yu-lok-lane-centre-street-project
