projects,winner,parent,amount_m,n_tender,site_area,gfa,underbids_m,underbid_pr,underbid_url,award_pr,award_url,award_date
ssp-016-castle-peak-road-un-chau-street-development-project,Avion Investment Limited,Henderson Land Development Company Limited,1368.2,17,1650.0,14840.0,"[1333.0, 1190.3, 1111.8, 1008.0, 1007.0, 930.0, 901.0, 900.4, 867.8, 839.0, 823.0, 781.0, 748.0, 745.0, 688.0]",20181122,https://www.ura.org.hk/en/news-centre/press-releases/20181122,20181122,https://www.ura.org.hk/en/news-centre/press-releases/20181122,2018-11-22
dl-10-hang-on-street-project,Gainplace Limited,Lai Sun Development Company Limited,883.0,18,789.7,6660.0,"[829.0, 713.0, 703.0, 688.9, 688.8, 658.5, 643.1, 637.5, 635.5, 610.0, 608.8, 606.7, 551.5, 549.0, 535.3, 475.0, 400.0]",20190610,https://www.ura.org.hk/en/news-centre/press-releases/20190610,20190430,https://www.ura.org.hk/en/news-centre/press-releases/20190430,2019-04-30
tonkin-street-fuk-wing-street-project,Wider Loyal Limited,Chime Corporation Limited,912.8,17,1070.0,9670.0,"[886.3, 840.2, 836.0, 812.8, 739.0, 733.0, 701.0, 660.0, 645.0, 625.0, 602.1, 582.4, 542.0, 440.0, 416.8, 288.0]",20200528,https://www.ura.org.hk/en/news-centre/press-releases/20200528,20200423,https://www.ura.org.hk/en/news-centre/press-releases/20200423,2020-04-23
oak-street-ivy-street-development-project-ytm-011,Gain Concept Holdings Limited,Charming King Limited,618.1,14,619.0,5571.0,"[614.0, 568.9, 551.0, 512.0, 508.0, 503.9, 503.8, 488.0, 480.0, 458.0, 398.0, 310.0, 248.0]",20210720,https://www.ura.org.hk/en/news-centre/press-releases/20210720,20210610,https://www.ura.org.hk/en/news-centre/press-releases/20210610,2021-06-10
bailey-street-wing-kwong-street-development-project-kc-009,Nation Star Development Limited,Henderson Land Development Company Limited,8189.0,6,7406.0,66654.0,"[7116.0, 6828.0, 6818.0, 6280.0, 5120.0]",20211020,https://www.ura.org.hk/en/news-centre/press-releases/20211020,20210909,https://www.ura.org.hk/en/news-centre/press-releases/20210909,2021-09-09
kc-010-hung-fook-street-ngan-hon-street,Port Destiny Limited,Kerry Properties Limited,5587.8,8,4581.0,41229.0,"[4920.0, 4788.0, 4740.0, 4280.0, 3490.0, 3106.5, 2530.0]",20220131,https://www.ura.org.hk/en/news-centre/press-releases/20220131,20211216,https://www.ura.org.hk/en/news-centre/press-releases/20211216,2021-12-16
kai-ming-street-project;kc-011;kc-013;wing-kwong-street-development-project-kc-012,Centenary Investments Limited,CK Asset Holdings Limited,5996.0,7,5438.0,48942.0,"[5530.0, 4795.0, 4706.9, 4272.0, 3688.0, 3220.0]",20220422,https://www.ura.org.hk/en/news-centre/press-releases/20220422,20220303,https://www.ura.org.hk/en/news-centre/press-releases/20220303,2022-03-03
sung-hing-lane-kwai-heung-street-development-project-c-and-w-005,Mega Source Global Limited,Far East Consortium International Limited,1240.0,9,1077.3,8804.0,"[1138.0, 988.0, 940.8, 907.0, 903.0, 900.0, 672.9, 643.0]",20220914,https://www.ura.org.hk/en/news-centre/press-releases/20220914,20220804,https://www.ura.org.hk/en/news-centre/press-releases/20220804,2022-08-04
wing-kwong-street-sung-on-street-project-kc-014,Fortune Hope Limited,Sino Land Company Limited and China Merchants Land Limited,2388.0,7,2876.0,25884.0,"[2238.6, 2230.0, 1962.0, 1950.3, 1700.0, 1560.0]",20221207,https://www.ura.org.hk/en/news-centre/press-releases/20221207,20221027,https://www.ura.org.hk/en/news-centre/press-releases/20221027,2022-10-27
queen-s-road-west-in-ku-lane-development-scheme-c-and-w-006,Sky Oasis Enterprises Limited,CK Asset Holdings Limited,1161.0,7,1566.7,11290.0,"[950.0, 908.7, 898.0, 888.0, 828.0, 708.0]",20230208,https://www.ura.org.hk/en/news-centre/press-releases/20230208,20221215,https://www.ura.org.hk/en/news-centre/press-releases/20221215,2022-12-15
shing-tak-street-ma-tau-chung-road-development-project-cbs-1-kc,Asia Region Limited,,1934.0,6,,,"[1147.0, 1037.3, 901.0, 830.0, 826.2]",20240405,https://www.ura.org.hk/en/news-centre/press-releases/20240405,20231214,https://www.ura.org.hk/en/news-centre/press-releases/20231214,2023-12-14
shantung-street-thistle-street-development-scheme-ytm-012,Maxjet Company Limited,China Overseas Land & Investment Limited,860.7,6,,,"[852.8, 785.0, 536.0, 521.0, 199.0]",20250626,https://www.ura.org.hk/en/news-centre/press-releases/20250626,20250523,https://www.ura.org.hk/en/news-centre/press-releases/20250523,2025-05-23
