project,phases,phase_names,address,main_developer,total_units,sold_units,remaining_units,remaining_pct,first_sales_date,months_since_launch,lat,lon,estimated_material_date
LA MIRABELLE Series,2,LA MIRABELLE Phase I | LA MIRABELLE Phase II,1 Lohas Park Road,SINO,2550,1161,1389,54.5,2026-03-31,6.0,22.297635,114.27201,2027-06-30
Victoria Voyage Series,4,Victoria Voyage Phase 1A | Victoria Voyage Phase 1B | Victoria Voyage Phase 2A | Victoria Voyage Phase 2B,18 Shing Fung Road,HENDERSON,1655,391,1264,76.4,2025-08-15,13.0,22.312925,114.206751,
KT Marina Series,2,KT Marina 1 | KT Marina 2,15 Shing Fung Road,K. WAH,2138,1298,840,39.3,2023-11-04,35.0,22.313962,114.205472,2025-03-31 ~ 2026-06-30
PARK SILICON Series,2,"PARK SILICON , Phase 1 | PARK SILICON , Phase 2 - PALO SPRINGS","23 Heung Tsz Road , Kwu Tung",WHEELOCK,781,48,733,93.9,2026-08-16,1.0,22.503801,114.102316,2027-12-30
MIAMI QUAY Series,2,MIAMI QUAY II | MIAMI QUAY I,23 SHING FUNG ROAD,WHEELOCK,1219,572,647,53.1,2025-11-06,11.0,22.312794,114.207138,
THE ATLAS PHASE I,1,THE ATLAS PHASE I,"23 Tung Yuen Street , Yau Tong",Yuexiu Property,617,0,617,100.0,2026-10-10,-1.0,22.292282,114.235776,2028-05-08
THE YOHO Hub Series,2,THE YOHO Hub II | The YOHO Hub B期,1 Long Lok Road,SHK,1969,1354,615,31.2,2021-12-26,57.0,22.444705,114.034715,2023-03-31
Sierra Sea Series,5,Sierra Sea 1A | Sierra Sea 1B | Sierra Sea 2A | Sierra Sea 2B | Sierra Sea 2C(2),8 Hoi Ying Rd,SHK,3599,3009,590,16.4,2025-04-26,17.0,22.42681,114.265413,2025-12-01 ~ 2027-02-16
One Victoria Cove Series,4,"One Victoria Cove , Phase 1 | One Victoria Cove , Phase 2 | One Victoria Cove , Phase 3 | One Victoria Cove , Phase 4","1,Bailey Street",HENDERSON,1296,732,564,43.5,2026-04-25,5.0,22.284437,114.155579,2027-08-31
ONE TOSCANA Series,2,ONE TOSCANA  Phase I | ONE TOSCANA  Phase II,"1 TOSCANA DRIVE ,DISCOVERY BAY CITY",HKR INTERNATIONAL & CITIC PACIFIC,490,3,487,99.4,,,22.292141,114.010147,
THE HEADLAND RESIDENCES Series,2,THE HEADLAND RESIDENCES Phase I | THE HEADLAND RESIDENCES Phase 2,99 Sheung On Street,SWIRE & CHINA MOTOR BUS,850,389,461,54.2,2025-09-06,13.0,22.266049,114.244834,2026-08-31
NOVO LAND Series,6,NOVO LAND Phase 1A | NOVO LAND Phase 1B | NOVO LAND Phase 2A | NOVO LAND Phase 2B | NOVO LAND Phase 3A | NOVO LAND Phase 3B,8 Yan Po Road,SHK,4585,4136,449,9.8,2022-07-30,50.0,22.41152,113.969431,2023-06-28 ~ 2025-04-30
CLOUDVIEW,1,CLOUDVIEW,663 Fan Kam Road,WING TAI PROPERTIES,765,352,413,54.0,2026-03-14,6.0,22.481876,114.112773,2027-03-31
DEEP WATER SOUTH Series,2,DEEP WATER SOUTH PHASE 6A-MONT BLUE | DEEP WATER SOUTH PHASE 6B-GRANDE BLANC,11 Heung Yip Road,WHEELOCK & MTR,617,209,408,66.1,2026-03-22,6.0,22.246926,114.168195,
Le Mont Series,3,Le Mont Phase 1 | Le Mont Phase 2 | Le Mont Phase 3,19 Ma Wo Road,VANKE HOLDINGS & CNQC INTERNATIONAL,1650,1259,391,23.7,2025-03-15,18.0,22.441966,114.160733,2026-07-31
THE PAVILIA FOREST Series,3,THE PAVILIA FOREST I | THE PAVILIA FOREST II | THE PAVILIA FOREST III,2 Shing King Street,NEW WORLD DEVELOPMENT & FAR EAST CONSORTIUM,1305,964,341,26.1,2024-07-13,26.0,22.31079,114.209715,2025-08-31
LA MONTAGNE Series,2,LA MONTAGNE PHASE 4A | LA MONTAGNE PHASE 4B,11 Heung Yip Road,KERRY,800,467,333,41.6,2023-07-15,38.0,22.245731,114.167916,2025-03-15
Cullinan Sky Series,2,Cullinan Sky Phase 1 | Cullinan Sky Phase 2,10 Concorde Road,SHK,1490,1157,333,22.3,2024-10-05,24.0,22.332169,114.199418,2025-06-30
Twin Victoria,1,Twin Victoria,"Shing Fung Rd, Kai Tak",CHINA OVERSEAS LAND,702,382,320,45.6,2024-11-26,22.0,22.316601,114.203682,2025-03-31
UNIVERSITY Hill Series,3,SILICON HILL | UNIVERSITY Hill Phase 2A | UNIVERSITY Hill Phase 2B,63 Yau King Lane,SHK,1871,1557,314,16.8,2022-06-03,52.0,22.430454,114.20024,2024-02-29 ~ 2024-06-15
Cullinan Harbour Series,3,Cullinan Harbour Phase 1 | Cullinan Harbour Phase 2A | Cullinan Harbour Phase 2B,26 Shing Fung Road,SHK,439,127,312,71.1,2024-03-13,30.0,22.311943,114.207323,2025-11-30 ~ 2025-12-31
DOUBLE COAST Series,3,DOUBLE COAST Phase 1 | DOUBLE COAST Phase 2 | DOUBLE COAST Phase 3,19 Shing Fung Road Kai Tak,WHEELOCK,886,575,311,35.1,2024-11-02,23.0,22.312925,114.206751,
ONE PARK PLACE,1,ONE PARK PLACE,32 Ko Chiu Road,SINO,748,460,288,38.5,2025-11-21,10.0,22.297379,114.240494,2027-06-30
ONMANTIN Series,2,ONMANTIN Phase IIA | ONMANTIN Phase IIB,1 Chung Hau Street,GREAT EAGLE & MTR,990,710,280,28.3,2024-04-25,29.0,22.311114,114.182724,2025-03-31
Victoria Harbour II,1,Victoria Harbour II,123 Java Road,SHK,351,83,268,76.4,2024-08-27,25.0,22.292672,114.200887,
THE KNIGHTSBRIDGE,1,THE KNIGHTSBRIDGE,22 Shing Fung Road,HENDERSON,566,315,251,44.3,2023-05-05,41.0,22.312925,114.206751,2024-09-30
HENLEY PARK,1,HENLEY PARK,8 Muk Tai Street,HENDERSON,740,511,229,30.9,2023-07-01,39.0,22.326909,114.199212,2024-12-30
THE HENLEY Series,3,THE HENLEY III | THE HENLEY II | THE HENLEY I,7 Muk Tai Street,HENDERSON,1184,965,219,18.5,2021-05-09,64.0,22.326874,114.199047,2022-04-30 ~ 2022-06-30
Victoria Harbour,1,Victoria Harbour,133 Java Road,SHK,355,145,210,59.2,2018-12-07,93.0,22.293178,114.201995,2018-07-31
GRAND MAYFAIR Series,2,GRAND MAYFAIR II | GRAND MAYFAIR III,29 KAM HO ROAD,SINO，K.WAH & CHINA OVERSEAS LAND,1485,1279,206,13.9,2022-05-20,52.0,22.42664,114.066678,2025-03-17 ~ 2027-04-30
"PHASE 1, BEACON PEAK",1,"PHASE 1, BEACON PEAK",9 Yin Ping Road,Shimao Property Holdings Limited,332,131,201,60.5,,,22.345011,114.163267,
THE PAVILIA FARM Series,3,THE PAVILIA FARM I | THE PAVILIA FARM II | THE PAVILIA FARM III,"No. 18 Che Kung Miu Road, Sha Tin, New Territories",NEW WORLD DEVELOPMENT & MTR,3090,2891,199,6.4,2020-10-17,71.0,22.374927,114.183335,2022-09-30 ~ 2026-03-31
Centra Horizon II,1,Centra Horizon II,Fo Chun Road,BILLION DEVELOPMENT,1408,1225,183,13.0,2019-04-27,89.0,22.427691,114.207295,2020-11-30
The Corniche,1,The Corniche,利南道 66 號,LOGAN GROUP & KWG GROUP,295,114,181,61.4,2023-01-09,44.0,22.238741,114.152213,
GARDEN REGENCY,1,GARDEN REGENCY,"No.1A, Yuen Long District , Kam Tin",SHK,566,402,164,29.0,2026-07-18,2.0,22.442879,114.05443,2027-05-17
Wetland Seasons Bay Series,3,Wetland Seasons Bay | Phase 2 of Wetland Seasons Bay | Wetland Seasons Bay Phase 3,No. 1 Wetland Park,SHK,1996,1839,157,7.9,2021-08-21,61.0,22.467764,114.003979,2022-06-30 ~ 2023-03-31
GOLD COAST BAY THE Series,2,GOLD COAST BAY THE RESERVE | GOLD COAST BAY THE UPPLAND,"18 Castle Peak Road, Castle Peak Bay",EARLY LIGHT INTERNATIONAL,1323,1177,146,11.0,2024-07-20,26.0,22.373678,113.990989,2025-11-21 ~ 2025-11-25
BONDLANE II,1,BONDLANE II,268 Hai Tan Street,VANKE HOLDINGS,378,241,137,36.2,2024-03-30,30.0,22.329335,114.157746,2025-01-31
PARK YOHO Series,7,PARK YOHO Bologna | Park Yoho Napoli | Park Yoho Venezia | Park Yoho Milano | Park Yoho Sicilia | Park Yoho Genova | Park Vista (Park Yoho),18 Castle Peak Rd Tam Mi,SHK,3124,2988,136,4.4,2015-12-05,130.0,22.451341,114.052936,2016-10-31 ~ 2019-10-31
EIGHT KWAI FONG HAPPY VALLEY,1,EIGHT KWAI FONG HAPPY VALLEY,"8 Kwai Fong St, Happy Valley",YUANZHONG GROUP,156,34,122,78.2,2020-10-23,71.0,22.266691,114.187199,
ERESIDENCE TOWER 3,1,ERESIDENCE TOWER 3,2 Hok Yuen Street,URA,260,138,122,46.9,2024-03-18,30.0,22.310665,114.188348,2026-11-30
CHILL RESIDENCE,1,CHILL RESIDENCE,29 Ko Chiu Road,POLY PROPERTY & L'AVENUE,634,517,117,18.5,2022-12-04,46.0,22.296379,114.241806,2025-06-30
Highwood Series,2,Highwood Phase 1 | Highwood Phase 2,"70 To Kwa Wan Road , Ma Tau Kok",HENDERSON,816,703,113,13.8,2025-09-14,12.0,22.316152,114.189261,2027-03-31 ~ 2027-05-31
ONE EDWARD,1,ONE EDWARD,1 Ki Lung Street,One Edward Development Limited,139,27,112,80.6,,,22.324385,114.167461,2026-11-30
Montego Bay,1,Montego Bay,18 Shung Shun Street,MINEMETAL LTD,688,577,111,16.1,2020-11-28,70.0,22.292383,114.237614,2023-12-08
THE LEGACY Series,2,THE LEGACY PHASE 1 | THE LEGACY PHASE 2,8 Castle Road,Henderson Land Development Co Ltd & New World Development Co Ltd,172,61,111,64.5,,,22.28232,114.149093,
PHASE Series,2,PHASE 1 of 21 BORRETT ROAD | PHASE 2 of 21 BORRETT ROAD,21 Borrett Road,CK ASSET,181,70,111,61.3,2021-02-09,67.0,22.273325,114.164391,2022-06-30
MONACO Series,2,MONACO ONE | MONACO MARINE,10 Muk Tai Street,WHEELOCK,1051,941,110,10.5,2021-11-04,59.0,22.32592,114.199535,2023-03-15
La Vetta,1,La Vetta,68 LAI PING ROAD,WING TAI ASIA & MANHATTAN GROUP,158,52,106,67.1,2018-10-26,95.0,22.413837,114.202532,2018-09-30
THE STERLING Series,2,THE STERLING PHASE I | THE STERLING PHASE II,1 Fat Tseung Street,China Resources (Holdings) Company Limited,914,811,103,11.3,2026-08-22,1.0,22.33184,114.151221,2028-02-22 ~ 2028-11-25
Marin Point,1,Marin Point,31 Shun Lung Street,FAR EAST CONSORTIUM,261,159,102,39.1,2017-05-05,113.0,22.543703,114.225491,2018-10-31
PORTO,1,PORTO,9 Ping Lan Street,Wang On Properties,174,73,101,58.0,2026-05-09,4.0,22.244347,114.157184,2027-03-31
VICTORIA COAST,1,VICTORIA COAST,301 Victoria Road,CHINACHEM,118,19,99,83.9,2023-09-29,36.0,22.270431,114.126202,
MORI,1,MORI,18 Kwun Chui Road,ROAD KING & SHENZHEN INVESTMENT,693,597,96,13.9,2023-09-23,36.0,22.373612,114.000516,2024-06-30
PANO HARBOUR,1,PANO HARBOUR,2 Shing Fuk Street,CR AND & POLY PROPERTY,582,487,95,16.3,2022-11-14,46.0,22.313336,114.205335,2024-12-31
The Horizon,1,The Horizon,18 Fo Chun Road,BILLION DEVELOPMENT,667,576,91,13.6,,,22.430174,114.20771,2019-12-31
CHESTER II,1,CHESTER II,28  Whampoa Street,HENDERSON,263,178,85,32.3,2026-09-12,0.0,22.306515,114.185167,2026-09-30
VILLA LUCCA,1,VILLA LUCCA,"36 Lo Fai Road, Tai Po",HYSAN DEVELOPMENT & HKR INTERNATIONAL,262,182,80,30.5,2022-08-18,49.0,22.462828,114.197437,2023-06-30
CONNEXT,1,CONNEXT,"31-45 , Fei Fung Street",Wang On Properties,195,115,80,41.0,2026-03-27,6.0,22.343572,114.196505,2026-08-31
One Liberty,1,One Liberty,1B-1C LIBERTY AVENUE,HyInternationl Investment Ltd,91,16,75,82.4,,,22.318876,114.173938,
St Michel Series,2,St Michel | St Michel Phase 2,33 To Shek Street,SHK,335,263,72,21.5,2021-04-22,65.0,22.376473,114.200503,2022-05-31 ~ 2023-03-31
PRINCE CENTRAL,1,PRINCE CENTRAL,195 Prince Edward Road West,SHK,101,30,71,70.3,2022-05-28,52.0,22.324897,114.174273,2022-03-22
22 Square,1,22 Square,"22, Tak Cheong Lane",Orion Land,84,16,68,81.0,2026-06-27,3.0,22.312908,114.168041,2028-04-28
JARDINI,1,JARDINI,135 Tai Hang Road,CITIC PACIFIC,114,48,66,57.9,2024-05-09,28.0,22.271455,114.192141,2026-03-31
IN ONE Series,2,IN ONE ABOVE Phase 1A | IN ONE PHASE 1C,1 Chung Hau Street,CHINACHEM GROUP & MTR,661,595,66,10.0,2023-04-02,42.0,22.311255,114.182598,2025-01-29 ~ 2025-05-05
woodis,1,woodis,13-21 Wood Road and 22-30 Wing Cheung Street,Henderson Land Development Co. Ltd,167,105,62,37.1,2025-10-18,11.0,22.276735,114.177876,2027-02-28
CENTRAL PEAK Series,2,CENTRAL PEAK | CENTRAL PEAK II,18 STUBBS ROAD,SHK,72,12,60,83.3,2020-12-01,70.0,22.267539,114.179382,2020-04-30
The Cavaridge,1,The Cavaridge,38 Lai Ping Road,KINGBOARD,104,45,59,56.7,2019-11-23,82.0,22.412191,114.20193,2020-03-31
The WAVE,1,The WAVE,8 Tsing Ha Lane,New Fusion Trading Limited,80,22,58,72.5,2025-01-31,20.0,22.379992,113.981182,
KOKO HILLS 1期,1,KOKO HILLS 1期,Ko Ling Road,WHEELOCK,413,356,57,13.8,2020-07-11,74.0,22.305695,114.230585,2022-09-14
THE BOUNDARY,1,THE BOUNDARY,2C Boundary Street,LOFTER GROUP,58,4,54,93.1,,,22.325967,114.161149,
Cullinan West Series,2,Cullinan West II | Cullinan West III,28 Sham Mong Road,SHK,2360,2309,51,2.2,2017-11-25,106.0,22.326479,114.155042,2019-06-30 ~ 2020-07-10
UNI Residence,1,UNI Residence,7 Hin Wo Lane,WING TAI PROPERTIES & VANKE HOLDINGS,240,189,51,21.2,2025-05-31,16.0,22.36666,114.175091,2026-09-30
GRAND SEASONS Series,3,GRAND SEASONS | PARK SEASONS | SEASONS PLACE,1 Lohas Park Road,WHEELOCK & MTR,1985,1934,51,2.6,2024-03-27,30.0,22.29686,114.269911,2025-10-31 ~ 2026-02-28
Eden Manor,1,Eden Manor,Fan Ling No. 88 Castle Peak Road Kwu Tung,HENDERSON,590,540,50,8.5,2017-03-04,115.0,22.503548,114.101683,2019-04-30
Grand Homm,1,Grand Homm,17 Sheung Shing Street,PAN SUTONG,401,352,49,12.2,,,22.31871,114.180353,
THE CULLINAN,1,THE CULLINAN,1 Austin Road West,SHK & MTR,825,776,49,5.9,2018-05-07,100.0,22.303175,114.168421,
WELLESLEY,1,WELLESLEY,23 Robinson Road,HENDERSON,90,44,46,51.1,2022-10-11,47.0,22.279095,114.15227,
The Upper South,1,The Upper South,"No. 71 Main Street, Ap Lei Chau",HENDERSON,138,92,46,33.3,2021-05-30,64.0,22.243948,114.155621,2022-10-31
TERRA,1,TERRA,296 PRINCE EDWARD ROAD WEST,Top Gear Investment,45,0,45,100.0,2024-06-20,27.0,22.326608,114.181755,
ONE INNOVALE Series,3,ONE INNOVALE PHASE 1 - Archway | ONE INNOVALE PHASE 2 - Bellevue | ONE INNOVALE PHASE 3 - Cabanna,8 Ma Sik Road,HENDERSON,1576,1531,45,2.9,2022-08-06,50.0,22.502222,114.14499,2023-03-31 ~ 2023-06-30
PAVILIA ROSA,1,PAVILIA ROSA,"23-34 Rose Street, Kowloon Tong",NEW WORLD DEVELOPMENT,109,66,43,39.4,2026-06-12,3.0,22.33293,114.173034,2027-11-30
Wetland Seasons Park Series,3,Wetland Seasons Park | Wetland Seasons Park Phase 2 | Wetland Seasons Park Phase 3,Tin Shui Wai No. 9 Wetland Park,SHK,1727,1684,43,2.5,2020-01-04,81.0,22.46634,114.005703,2021-03-31 ~ 2021-11-30
KOKO HILLS 2期- KOKO RESERVE,1,KOKO HILLS 2期- KOKO RESERVE,Lam Tin Sin Fat Road,WHEELOCK,82,40,42,51.2,2021-10-10,59.0,22.306217,114.232713,2022-09-14
Mount Regalia,1,Mount Regalia,23 Lai Ping Road,P&R HOLDINGS,160,120,40,25.0,2019-06-01,88.0,22.411304,114.201352,2019-06-30
YOHO WEST Phase 1,1,YOHO WEST Phase 1,Tin Shui Wai Outline Zoning Plan No.23,SHK & MTR,1393,1353,40,2.9,2023-12-02,34.0,22.460642,114.0042,2024-09-30
THE APERTURE,1,THE APERTURE,11 Ngau Tau Kok Road,HANG LUNG,294,255,39,13.3,2021-12-11,57.0,22.326474,114.214394,2023-10-02
8 Deep Water Bay Drive,1,8 Deep Water Bay Drive,8 Deep Water Bay Drive,Nan Fung Group,58,20,38,65.5,,,22.25263,114.182477,
Uptown East,1,Uptown East,55 Kwun Tong Road,WONG SUN HING GROUP,807,770,37,4.6,2024-03-17,30.0,22.331009,114.210281,2025-06-30
KENNEDY 38,1,KENNEDY 38,Belcher's Street,SHK,341,304,37,10.9,2021-11-20,58.0,22.282757,114.129978,2023-02-26
VELE,1,VELE,18  Praya Road,TAI CHEUNG HOLDINGS,38,1,37,97.4,,,22.239084,114.160238,
The Harmonie,1,The Harmonie,233 Castle Peak Road,HENDERSON & URA,337,302,35,10.4,2022-01-22,56.0,22.336589,114.158443,2023-06-30
SUTTON,1,SUTTON,18 Junction Road,K & K PROPERTY,92,58,34,37.0,,,22.328108,114.18712,
DEEP WATER PAVILIA Series,2,DEEP WATER PAVILIA | DEEP WATER PAVILIA II,11 Heung Yip Road,NEW WORLD DEVELOPMENT,825,791,34,4.1,2025-06-14,15.0,22.246926,114.168195,2026-11-30 ~ 2026-12-31
Le Palais,1,Le Palais,8 Pak Pat Shan Road,SHK,34,1,33,97.1,2019-10-08,83.0,22.233539,114.224723,
Grand YOHO Series,2,Grand YOHO | Grand YOHO Phase 2,9 Long Yat Road,SHK,1954,1921,33,1.7,2016-08-27,121.0,22.44458,114.036172,2017-03-15 ~ 2017-06-30
MADERA GARDEN,1,MADERA GARDEN,"5 Victory Ave, Ho Man Tin",HIP SHING HONG,71,40,31,43.7,2021-07-31,62.0,22.319264,114.174357,2022-09-30
TRIAZZA,1,TRIAZZA,383 Tai Po Road,TOP DOLLARS,35,4,31,88.6,2021-05-21,64.0,22.343739,114.152755,
BAKER CIRCLE DOVER,1,BAKER CIRCLE DOVER,38 Gillies Avenue South,HENDERSON,324,293,31,9.6,2022-06-18,51.0,22.306994,114.184604,2024-03-31
Seacoast Royale Series,3,Seacoast Royale | Skypoint Royale | Starfront Royale,No. 8 Castle Peak Road,HONG KONG FERRY & EMPIRE GROUP,1782,1752,30,1.7,2020-08-01,74.0,22.374149,113.991287,2022-04-22 ~ 2022-04-30
ARUNA,1,ARUNA,8 Ping Lan Street,CHUANG'S,105,76,29,27.6,2024-06-15,27.0,22.244766,114.156795,2024-09-30
WHITESAND COVE,1,WHITESAND COVE,162 Hiram’s Highway,CHINACHEM,40,13,27,67.5,,,22.378147,114.265227,2024-07-11
"LP10, Phase 10 of Lohas Park",1,"LP10, Phase 10 of Lohas Park",1 Lohas Park Road,NAN FUNG & MTR,893,866,27,3.0,2021-01-23,68.0,22.291987,114.266967,2022-10-31
Lime Spark,1,Lime Spark,"21, Wang Wo Tsai Street",SHK,462,435,27,5.8,2026-05-09,4.0,22.367269,114.119296,2027-04-30
Le Cap,1,Le Cap,83 Lai Ping Road,WING TAI PROPERTIES,69,43,26,37.7,2018-10-12,95.0,22.415768,114.199942,
KOKO HILLS 3B期- KOKO MARE,1,KOKO HILLS 3B期- KOKO MARE,3 Ko Ling Road,WHEELOCK,444,420,24,5.4,2023-04-01,42.0,22.30451,114.229716,2024-06-30
ONE STANLEY,1,ONE STANLEY,128 Wong Ma Kok Road,K & K PROPERTY,82,59,23,28.0,2024-04-13,29.0,22.206372,114.213528,
Shouson Peak,1,Shouson Peak,9-19F SHOUSON HILL ROAD,SHK,31,8,23,74.2,2013-12-02,154.0,22.249699,114.178758,2012-01-17
University Heights,1,University Heights,42 Kotewall Road,CHINACHEM GROUP,75,52,23,30.7,2021-10-20,59.0,22.281918,114.141133,
El Futuro,1,El Futuro,18 Lai Ping Road,CK ASSET,266,244,22,8.3,2021-10-31,59.0,22.412963,114.200392,2022-12-31
CHESTER,1,CHESTER,8 Whampoa Street,HENDERSON,241,219,22,9.1,2026-03-28,6.0,22.306154,114.184923,2026-12-31
St Martin (Phase Series,2,St Martin (Phase 1) | St Martin (Phase 2),12 Fo Chun Road,SHK,1444,1424,20,1.4,2018-07-14,98.0,22.430541,114.204193,2020-02-28 ~ 2020-07-31
Grand Jeté Series,2,Grand Jeté Phase 1 | Grand Jeté Phase 2,"170 Castle Peak Road, Tai Lam",CK ASSET & SHK,800,780,20,2.5,2022-06-25,51.0,22.367939,114.000012,2024-03-31
BONDLANE I,1,BONDLANE I,233 Yee Kuk Street,VANKE HOLDINGS,158,138,20,12.7,2022-11-12,46.0,22.329312,114.158195,2024-06-30
The Quinn ‧ Square Mile,1,The Quinn ‧ Square Mile,5 Sham Mong Road,HENDERSON,614,595,19,3.1,2023-05-01,41.0,22.319749,114.160094,2024-05-29
Chantilly,1,Chantilly,No. 6 Shiu Fai Terrace,K. Wah Group,24,5,19,79.2,2023-06-21,39.0,22.271805,114.177956,
BLUE COAST Series,2,BLUE COAST II | BLUE COAST,11 Heung Yip Road,CK ASSET & MTR,1200,1182,18,1.5,2024-04-06,30.0,22.247599,114.167136,2025-12-31 ~ 2026-02-28
THE HADDON,1,THE HADDON,1 WHAMPOA STREET,HENDERSON,453,435,18,4.0,2024-06-11,27.0,22.305924,114.184301,2025-09-30
YOHO WEST PARKSIDE,1,YOHO WEST PARKSIDE,1 Tin Yan Road,SHK & MTR,525,509,16,3.0,2025-03-05,19.0,22.460139,114.001932,2026-09-30
St. George's Mansions,1,St. George's Mansions,24A KADOORIE AVENUE,SINO & CLP,175,159,16,9.1,2020-07-29,74.0,22.321038,114.176085,2022-08-31
ONE EIGHTY,1,ONE EIGHTY,No. 180 Shau Kei Wan Road,JOINT SUN & EASE DAY,57,41,16,28.1,,,22.280735,114.223156,
FOTO+,1,FOTO+,"3, Ivy Street",K&K Property Holdings Limited,122,107,15,12.3,2026-03-27,6.0,22.320959,114.164023,2026-10-31
Wings At Sea Series,2,"Wings At Sea II, Phase 4B of Lohas Park | Wings At Sea, Phase IVA of Lohas Park",1 Lohas Park Road,SHK,2172,2158,14,0.6,2017-09-30,108.0,22.294666,114.270282,2019-12-31
South Walk．Aura,1,South Walk．Aura,12 Tin Wan Street,HENDERSON,142,128,14,9.9,2018-03-27,102.0,22.24951,114.149278,2018-10-31
KENNEDY BAY,1,KENNEDY BAY,"1D, Davis Street",Easyknit International Holdings Limited,125,112,13,10.4,,,22.283584,114.126796,
LA MARINA,1,LA MARINA,11 Heung Yip Road,MTR,600,587,13,2.2,2021-09-04,61.0,22.247733,114.165164,2023-08-31
Silversands,1,Silversands,No. 8 Yiu Sha Road,SINO,160,148,12,7.5,2021-01-30,68.0,22.43392,114.243792,2022-08-31
26 KO SHAN,1,26 KO SHAN,26 Ko Shan Road,TKS Limited,83,71,12,14.5,2026-01-30,8.0,22.312901,114.186148,
Solaria,1,Solaria,16 Fo Chun Road,K.WAH,1122,1110,12,1.1,2018-06-02,100.0,22.429559,114.205268,2020-02-29
GRANDVIEW OCEANIA,1,GRANDVIEW OCEANIA,368 CASTLE PEAK ROAD TING KAU,Team Victor Development Limited,13,1,12,92.3,,,22.368853,114.076113,
UPPER CENTRAL,1,UPPER CENTRAL,48 Caine Road,Yuzhou Group Holdings,85,74,11,12.9,2024-09-27,24.0,22.280857,114.152286,
ORIA,1,ORIA,121 Main Street East,HIP SHING HONG,156,146,10,6.4,2025-01-08,20.0,22.278795,114.230273,2025-05-31
EIGHT SOUTHPARK,1,EIGHT SOUTHPARK,8 Nam Kok Road,HENDERSON,313,303,10,3.2,2025-03-01,19.0,22.328351,114.189943,2025-12-31
128 Waterloo,1,128 Waterloo,"128 Waterloo Road, Ho Man Tin, KLN, HK",TOP SPRING & CHUN WO,110,101,9,8.2,2020-10-06,72.0,22.326688,114.178839,2022-02-28
VAU Residence,1,VAU Residence,No.11 Liberty Avenue,VANKE HOLDINGS,165,157,8,4.8,2021-06-19,63.0,22.318969,114.174559,2023-01-31
Mont Verra,1,Mont Verra,3 Lung Kui Road,KERRY,64,56,8,12.5,2022-10-14,47.0,22.343197,114.169923,2021-12-31
Novum Point,1,Novum Point,3 Marble Road,HENDERSON,281,273,8,2.8,,,22.29241,114.198946,2020-12-31
The Consonance,1,The Consonance,23 Jupiter Street,HENDERSON,216,208,8,3.7,2019-04-04,90.0,22.286199,114.191971,2020-08-31
THE HIGHLINE,1,THE HIGHLINE,33 CATCHICK STREET,SHANGHAI COMMERCIAL BANK,173,165,8,4.6,2024-06-12,27.0,22.283536,114.128631,2024-10-31
Belfran Peak,1,Belfran Peak,9 BELFRAN ROAD,VANTAGE INT'L,7,0,7,100.0,2018-10-26,95.0,22.326413,114.177019,2019-08-31
Garden Crescent,1,Garden Crescent,93 Waterloo Road,EASYKNIT INT'L,56,49,7,12.5,2023-11-17,34.0,22.324954,114.177956,
BAKER CIRCLE EUSTON,1,BAKER CIRCLE EUSTON,33  Whampoa Street,HENDERSON,280,273,7,2.5,2022-11-18,46.0,22.306827,114.184969,2024-12-31
The Addition,1,The Addition,342-356 Un Chau Street,HENDERSON,200,193,7,3.5,2019-04-09,89.0,22.337874,114.15643,2021-04-30
Central Residence By The Park,1,Central Residence By The Park,"Mid-Levels Central, 3-6 Glenealy",Pacific Century Premium Developments Limited &  CSI Properties Limited,99,92,7,7.1,,,22.279965,114.155395,2026-06-30
STATE RESIDENCE,1,STATE RESIDENCE,1-17 Hei Wo Street,NEW WORLD DEVELOPMENT,194,187,7,3.6,2026-09-19,0.0,22.290948,114.195682,2027-12-31
Novum East,1,Novum East,856 King's Road,HENDERSON,464,457,7,1.5,2017-11-03,107.0,22.289784,114.209178,2019-04-30
Villa La Plage,1,Villa La Plage,"51, 53, 55, 57, 59, 61, 63, 65, 67, 69, 71,73 and 75 Castle Peak Road – Castle Peak Bay",POLY PROPERTY,41,34,7,17.1,2020-11-24,70.0,22.37516,113.986205,2021-06-30
THE PADDINGTON,1,THE PADDINGTON,456 Sai Yeung Choi Street North,HENDERSON,492,486,6,1.2,2023-11-20,34.0,22.329708,114.167133,2025-09-30
Ontolo,1,Ontolo,7 Fo Yin Road,GREAT EAGLE,723,717,6,0.8,2019-07-27,86.0,22.428958,114.208657,2020-07-31
Royal Cove,1,Royal Cove,2 Ka Wo Li Hill Road,WAH YIP HOLDING,27,21,6,22.2,,,22.368969,113.996158,2022-09-22
ONE PRINCETON,1,ONE PRINCETON,266 Prince Edward Road West,EXCEL BILLION GROUP,80,74,6,7.5,2024-09-02,25.0,22.325829,114.178997,
3 Plunkett's Road,1,3 Plunkett's Road,3 Plunkett's Road,TAI CHEUNG HOLDINGS,6,0,6,100.0,2014-07-22,146.0,22.267108,114.152133,2018-04-09
63 Pokfulam,1,63 Pokfulam,63 Pokfulam Road,KOWLOON DEVELOPMENT,332,327,5,1.5,2017-07-16,110.0,22.285349,114.13805,2019-12-01
The Mediterranean,1,The Mediterranean,8 Tai Mong Tsai Road,SINO,296,291,5,1.7,2015-12-22,129.0,22.391822,114.297653,2018-03-08
Discovery Bay Il Picco,1,Discovery Bay Il Picco,28 Discovery Valley Road,HKR INTERNATIONAL,21,16,5,23.8,,,22.292088,114.009125,
HAVA,1,HAVA,39 Shap Pat Heung Road,KERRY & TOP SPRING,594,589,5,0.8,2025-02-22,19.0,22.438183,114.030787,2025-12-31
VERANO,1,VERANO,125 Repulse Bay Road,The Development Studio,6,1,5,83.3,,,22.237104,114.199584,
SOYO SQUARE,1,SOYO SQUARE,439 Castle Peak Road,EXCEL BILLION GROUP & CHUN WO,95,90,5,5.3,2025-12-09,9.0,22.340206,114.153905,
Grand Victoria I,1,Grand Victoria I,6 & 8 Lai Ying Street,WHEELOCK,524,519,5,1.0,2021-03-13,66.0,22.32848,114.14745,2023-01-31
No.6 Stanley Beach Road,1,No.6 Stanley Beach Road,6 STANLEY BEACH ROAD,CHINA OVERSEAS LAND,10,5,5,50.0,,,22.222943,114.213832,
233 Prince Edward West,1,233 Prince Edward West,233 Prince Edward,SHK and WHEELOCK,75,71,4,5.3,2024-11-19,22.0,22.325347,114.176733,
1 South Bay Close,1,1 South Bay Close,1 South Bay Close,Bentley Investments Limited,10,6,4,40.0,,,22.239232,114.200617,
La Maison De La Salle,1,La Maison De La Salle,喇沙利道25號,單偉豹(路勁基建執行董事)私人公司,4,0,4,100.0,2015-11-02,131.0,22.331011,114.181696,2022-06-15
L'aquatique,1,L'aquatique,No.108 Castle Peak Road Tsing Lung Tau,MCC,198,194,4,2.0,2018-11-17,94.0,22.360084,114.040903,2019-06-30
NO.15 SHOUSON,1,NO.15 SHOUSON,No. 15 Shouson Hill Road West,EMPEROR GROUP,15,11,4,26.7,2022-06-26,51.0,22.251994,114.180121,2020-06-30
Lime Gala,1,Lime Gala,393 Shau Kei Wan Road,SHK,650,646,4,0.6,2016-08-21,121.0,22.276919,114.228606,2018-08-15
SOLACE,1,SOLACE,52-54 Stanley Village Road,ORION LAND,6,2,4,66.7,,,22.220517,114.211906,
OMA by the sea,1,OMA by the sea,166 Castle Peak Road - Tai Lam,WING TAI PROPERTIES,517,513,4,0.8,2020-05-17,76.0,22.366657,114.001455,2022-06-30
VILLAS SORRENTO,1,VILLAS SORRENTO,"64 & 66A-D ,MOUNT DAVIS ROAD, POK FU LAM",Wah Yip (Holdings) Limited,36,32,4,11.1,,,22.274003,114.125888,
La Aldea,1,La Aldea,8 Ping Pak Lane,WINFUL FAR EAST,47,43,4,8.5,2021-09-14,60.0,22.440391,114.005317,
Phase 1 of 1 Plantation Road,1,Phase 1 of 1 Plantation Road,1 Plantation Road,Wheelock,8,4,4,50.0,,,22.268406,114.152415,
One Prestige,1,One Prestige,1 Yuet Yuen Street,HENDERSON,128,125,3,2.3,2016-09-20,120.0,22.291402,114.196082,2018-08-01
Manor Parc,1,Manor Parc,3 Tan Kwai Tsuen Lane,FAR EAST CONSORTIUM,24,21,3,12.5,2018-12-28,93.0,22.430618,113.997162,2019-03-31
MOUNT POKFULAM,1,MOUNT POKFULAM,86A-G Pokfulam Road,WANG ON PROPERTIES & KAM WAH HOLDINGS,7,4,3,42.9,2024-04-09,29.0,22.278929,114.13204,
3 Fei Ngo Shan Road,1,3 Fei Ngo Shan Road,3 Fei Ngo Shan Road,CHINA OVERSEAS LAND,5,2,3,60.0,2019-11-13,82.0,22.335827,114.226838,2018-10-31
101 KINGS ROAD,1,101 KINGS ROAD,101 & 111 King’s Road,Wang On Properties,251,249,2,0.8,2024-11-18,22.0,22.287098,114.192563,2026-01-31
Villa Garda Series,2,Villa Garda I | Villa Garda II,1 Lohas Park Road,MTR，SINO，K.WAH & CHINA MERCHANTS,1236,1234,2,0.2,2022-06-30,51.0,22.29686,114.269912,2024-11-15 ~ 2024-12-15
St Moritz,1,St Moritz,88 Lai Ping Road,SHK,59,57,2,3.4,2017-12-14,105.0,22.414304,114.201395,2017-06-30
One • ArtLane,1,One • ArtLane,8 Chung Ching Street,HENDERSON,240,238,2,0.8,2018-09-12,96.0,22.287206,114.14143,2019-08-31
#LYOS,1,#LYOS,"2 Hung Yuen Rd, Hung Shui Kiu",CK ASSET,341,339,2,0.6,2021-11-02,59.0,22.433993,113.9973,2023-09-30
Manor Hill,1,Manor Hill,1 Shek Kok Rd,KOWLOON DEVELOPMENT,1556,1554,2,0.1,2021-10-30,59.0,22.29624,114.273737,2023-03-31
City Hub,1,City Hub,"No. 8 Kowloon City Road, No. 44 Chi Kiang Street and No. 6 Kowloon City Road",URA,175,173,2,1.1,2018-02-04,104.0,22.315458,114.187461,
Ultima Phase 1,1,Ultima Phase 1,No. 23 Fat Kong Street,SHK,256,254,2,0.8,2015-06-17,135.0,22.311856,114.182117,2016-09-30
ST. Barths,1,ST. Barths,9 Yiu Sha Road,SHK,353,351,2,0.6,,,22.434045,114.240118,
Phase Series,2,Phase I of Mount Nicholson | Phase II of Mount Nicholson,The Peak8 Mount Nicholson Road,NAN FUNG,43,41,2,4.7,,,22.264024,114.180637,
MOUNT ARCADIA,1,MOUNT ARCADIA,8388 Tai Po Road Sha Tin Heights,FAR EAST CONSORTIUM,66,64,2,3.0,2022-02-07,55.0,22.360878,114.161781,2021-09-30
J LOFT,1,J LOFT,93 Apliu Street,ASCEND SPEED,83,81,2,2.4,2022-06-18,51.0,22.328175,114.1643,2023-07-31
"1,3,5 GOUGH HILL ROAD",1,"1,3,5 GOUGH HILL ROAD","1-5 Gough Hill Road, The Peak",Lucky Beat Investment Limited,3,1,2,66.7,,,22.265539,114.154908,
The Hampstead Reach,1,The Hampstead Reach,Yuen Long No. 8 Ping Kin Lane,HENDERSON,16,14,2,12.5,2021-03-09,66.0,22.440433,114.014671,
Arbour,1,Arbour,N0. 2 Tak Shing Street,HENDERSON,172,170,2,1.2,2020-11-27,70.0,22.304109,114.172593,2021-04-30
The Richmond,1,The Richmond,62C Robinson Road,HENDERSON,90,88,2,2.2,2020-01-21,80.0,22.28101,114.150032,2021-11-30
Grand Victoria III,1,Grand Victoria III,6 Lai Ying Street and 8 Lai Ying Street,WHEELOCK,388,387,1,0.3,2021-03-13,66.0,22.326808,114.14932,2023-05-31
Kabitat‧Tin Hau,1,Kabitat‧Tin Hau,"33 King’s Road, North Point",K. Wah International Holdings Limited,74,73,1,1.4,2025-09-21,12.0,22.284123,114.19241,2026-11-05
The ARLES,1,The ARLES,1 Au Pui Wan Street,CENTRALCON,1335,1334,1,0.1,2021-10-16,59.0,22.395293,114.197866,2023-03-31
133 PORTOFINO,1,133 PORTOFINO,133 Hong Kin Road,SINO,33,32,1,3.0,,,22.376769,114.270336,2020-09-30
15 Western Street,1,15 Western Street,15 Western Street,VANKE HOLDINGS & CHEUNG HUNG,104,103,1,1.0,2021-01-10,68.0,22.285933,114.140634,2021-09-30
SOUTHLAND,1,SOUTHLAND,11 Heung Yip Road,ROAD KING INFRASTRUCTURE,800,799,1,0.1,2021-05-01,65.0,22.247713,114.164936,2022-12-31
HIGH PEAK,1,HIGH PEAK,23 PO SHAN ROAD,ASIA STANDARD,16,15,1,6.2,2023-09-13,36.0,22.280676,114.142937,
One Victoria,1,One Victoria,"No. 21 Shing Fung Road, Kowloon",China Overseas Land & Investment Limited,1059,1058,1,0.1,2021-07-03,63.0,22.313201,114.207153,2023-03-31
Cetus．Square Mile,1,Cetus．Square Mile,18 KA SHIN STREET,HENDERSON,514,513,1,0.2,2018-06-09,99.0,22.320086,114.161386,2020-10-31
MONACO,1,MONACO,12 Muk Tai Street,WHEELOCK,399,398,1,0.3,2021-01-17,68.0,22.32696,114.19935,2022-12-31
42 TUNG ST.,1,42 TUNG ST.,42 Tung Street,THE DEVELOPMENT STUDIO,13,12,1,7.7,2021-08-01,62.0,22.284619,114.148987,2022-09-30
Cristallo,1,Cristallo,279 Prince Edward Road West,GRAND MING GROUP,18,17,1,5.6,2019-06-01,88.0,22.325847,114.180023,2018-10-31
One East Coast,1,One East Coast,1 Lei Yue Mun Path,KOWLOON DEVELOPMENT,646,645,1,0.2,2018-10-12,95.0,22.292719,114.238546,2019-09-30
Regency Bay II,1,Regency Bay II,23 Hoi Wong Road,SHK,406,405,1,0.2,2021-04-24,65.0,22.381039,113.970624,2021-06-30
23-39 Blue Pool Road,1,23-39 Blue Pool Road,23-39 Blue Pool Road,HANG LUNG,18,17,1,5.6,,,22.268895,114.187282,
H‧Bonaire,1,H‧Bonaire,68 MAIN STREET AP LEI CHAU,HENDERSON,106,105,1,0.9,2014-12-14,141.0,22.244238,114.155675,2017-02-16
Cadenza,1,Cadenza,333 Fan Kam Road,CSI PROPERTIES,5,4,1,20.0,,,22.478768,114.11209,
PARK COLLEGE,1,PARK COLLEGE,57A Nga Tsin Wai Road,Hanison Construction Holdings Limited,11,11,0,0.0,,,22.328954,114.184952,
House Muse,1,House Muse,"3 Nga Tsin Long Road , Kowloon City",New World Development,120,120,0,0.0,2025-09-19,12.0,22.327678,114.189196,2027-09-30
