devId,name_zh,name_en,phase,address_en,address_zh,area_zh,lat,lon,active,first_print,first_upload,suspended,completed,website
10005,,THE HADDON,,1 WHAMPOA STREET,黃埔街 1號,紅磡,22.305924,114.184301,Y,2024-05-27,2024-05-29,,,www.thehaddon.com.hk
10025,柏蔚森,THE PAVILIA FOREST,1,2 SHING KING STREET,承景街 2號,啓德,22.311277574239515,114.20927675494089,Y,2024-06-21,2024-06-27,,,www.thepaviliaforest.com.hk
10045,,NOVO LAND,PHASE 3B,8 YAN PO ROAD TUEN MUN,屯門 欣寶路 8號,屯門,22.410922252646774,113.97043872924193,Y,2024-05-30,2024-06-06,,,www.novoland3b.com.hk
10065,,INCREDIBLE RESIDENCES,,3 SAN LAU STREET,新柳街 3號,紅磡,22.31247955973352,114.1867768650758,Y,,2024-07-17,,,www.3sanlaustreet.com
10066,樂啟都匯,CASA DELIGHT,PHASE 2,2 MUK CHUN STREET,沐縉街 2號,啓德,22.334071031206395,114.202400974544,Y,2024-12-02,2024-12-04,,,delightterrace.hkhs.com
10067,黃金海灣,GOLD COAST BAY,PHASE 1,18 CASTLE PEAK ROAD CASTLE PEAK BAY TUEN MUN,屯門 青山公路青山灣段 18號,屯門,22.37440000984598,113.98877437904751,Y,2024-06-13,2024-06-19,,,www.goldcoastbay.hk
10105,柏蔚森,THE PAVILIA FOREST,3,2 SHING KING STREET,承景街 2號,啓德,22.311224865281634,114.20932251992649,Y,2024-07-09,2024-07-13,,,www.thepaviliaforest.com.hk/tpfiii
10125,璟南,VELE,,18 AP LEI CHAU PRAYA ROAD,鴨脷洲海旁道 18號,香港仔及鴨脷洲,22.241448632017974,114.15853226259479,Y,2026-03-02,2026-03-02,,,www.vele.hk
10165,柏蔚森,THE PAVILIA FOREST,2,2 SHING KING STREET,承景街 2號,啓德,22.31072944814993,114.20954065641403,Y,2024-08-27,2024-09-24,,,www.thepaviliaforest.com.hk/tpfii
10185,尚岸,THE WAVE,,8 TSING HA LANE TUEN MUN,屯門 青霞里 8號,屯門,22.37932704431989,113.98120483862238,Y,2024-08-01,2025-01-21,,,www.thewavetuenmun.com
10205,名鑽,ONE PRINCETON,,266 PRINCE EDWARD ROAD WEST,太子道西 266號,何文田,22.32613919961278,114.17909080619657,Y,2024-08-19,2024-08-19,,,www.oneprinceton.hk
10225,尚柏,THE PARKLAND,,266 TAI KEI LENG YUEN LONG,元朗 大旗嶺 266號,元朗,22.436730382989644,114.03246931274347,N,2024-08-29,2024-09-03,,2025-10-15,www.theparkland.com.hk
10245,恒苑,THE EVERGREEN,,43 KO SHAN TSUEN CHEUNG CHAU,長洲 高山村 43號,長洲,22.20476289727673,114.02921922689706,N,2024-10-18,2024-12-30,,2026-04-28,www.the-evergreen.com.hk
10265,太子壹號,"ONE EDWARD (BEFORE 1 AUGUST 2026, THE DEVELOPMENT IS KNOWN AS UPPER PRINCE)",,1 KI LUNG STREET,基隆街 1號,旺角,22.3244069,114.1675203,Y,2025-09-25,2025-10-20,,,oneedward.com.hk
10266,,THE BOUNDARY,,2C BOUNDARY STREET,界限街 2C號,旺角,22.3259668,114.1611494,Y,2025-12-04,2025-12-11,,,THEBOUNDARY.HK
10285,,PARK COLLEGE,,57A NGA TSIN WAI ROAD,衙前圍道 57A號,九龍塘,22.328889249127524,114.18497491323313,Y,2025-10-14,2025-10-14,,,www.parkcollege.com.hk
10286,,DOUBLE COAST,1,19 SHING FUNG ROAD,承豐道 19號,啓德,22.314089536583744,114.20635149468805,Y,2024-10-10,2024-10-17,,,www.doublecoast1.hk
10305,半山名滙,UPPER MANOR,,6 HIGH STREET,高街 6號,西營盤及上環,22.28506139936808,114.14280675543235,N,2025-07-18,2025-07-18,2025-11-28,,www.uppermanor.com.hk
10325,海德園,THE HEADLAND RESIDENCES,PHASE 1,99 SHEUNG ON STREET,常安街 99號,柴灣,22.266229170647065,114.24539329300812,Y,2025-07-23,2025-07-23,,,www.theheadlandresidences.hk
10345,雲向,CLOUDVIEW,,663 FAN KAM ROAD FANLING,粉嶺 粉錦公路 663號,沙田 、 大埔 及 北區（其他支區／小區）,22.498913547147527,114.1225265097565,Y,2024-10-28,2024-10-28,,,www.cloudview.hk
10365,太極軒 138,CHI 138,,138 JOHNSTON ROAD,莊士敦道 138號,灣仔,22.276466274879574,114.17387194967687,Y,,2024-10-31,,,www.chi138.com
10366,,101 KINGS ROAD,,101 KING'S ROAD,英皇道 101號,北角,22.28709355422548,114.19257321995184,Y,2024-11-04,2024-11-05,,,www.101kingsroad.com
10367,,BEACON PEAK,PHASE 1,9 YIN PING ROAD,延坪道 9號,石硤尾,22.345728171152583,114.16299309146635,Y,2024-12-23,2025-01-07,,,www.beaconpeak.hk
10385,太子道西233號,233 PRINCE EDWARD ROAD WEST,,233 PRINCE EDWARD ROAD WEST,太子道西 233號,何文田,22.325206678081013,114.1766766870784,Y,2024-11-05,2024-11-06,,,www.233princeedwardroadwest.com
10405,天璽·海發展項目,CULLINAN HARBOUR DEVELOPMENT,PHASE 2A,26 SHING FUNG ROAD,承豐道 26號,啓德,22.3101485,114.2098144,Y,2025-03-11,2025-03-18,,,www.cullinanharbour2a.com.hk
10425,上然,LE MONT,PHASE 1,19 MA WO ROAD TAI PO,大埔 馬窩路 19號,大埔,22.4436943881437,114.15899084344557,Y,2025-02-25,2025-02-27,,,www.lemont.com.hk
10426,上然,LE MONT,PHASE 2,19 MA WO ROAD TAI PO,大埔 馬窩路 19號,大埔,22.44340559145831,114.15913648549666,Y,2025-03-20,2025-03-21,,,www.lemont.com.hk
10445,,283 KING'S ROAD,STATE PAVILIA,283 KING'S ROAD,英皇道 283號,北角,22.2904095,114.1953598,Y,2024-12-31,2025-01-03,,,www.statepavilia.com.hk
10465,黃金海灣,GOLD COAST BAY,PHASE 2,18 CASTLE PEAK ROAD CASTLE PEAK BAY TUEN MUN,屯門 青山公路青山灣段 18號,屯門,22.3740973,113.9900735,Y,2024-12-13,2025-01-03,,,www.goldcoastbay.hk/the-reserve/
10485,朗天峰,HAVA,,39 SHAP PAT HEUNG ROAD YUEN LONG,元朗 十八鄉路 39號,元朗,22.4376039270799,114.02991370010604,Y,2025-01-22,2025-01-23,,,www.thehava.hk
10486,日出康城,LOHAS PARK,PHASE XIIC,1 LOHAS PARK ROAD SAI KUNG,西貢 康城路 1號,將軍澳,22.294296673064505,114.27006063609542,Y,2024-12-31,2025-01-02,,,www.grandseasons.hk
10505,,WHITESAND COVE,,162 HIRAM'S HIGHWAY SAI KUNG,西貢 西貢公路 162號,白沙灣,22.352533369508343,114.25114367151991,Y,2025-02-12,2025-02-21,,,www.whitesandcove.com.hk
10525,聚然,HEMMA FAB,,288 JOCKEY CLUB ROAD FANLING,粉嶺 馬會道 288號,粉嶺／上水,22.49538334055228,114.13956703617995,N,2025-03-10,2025-03-26,2025-12-30,,hemmafab.hkhs.com
10526,峻然,HEMMA EMERALD,,22 ON HEI STREET,安禧街 22號,觀塘北部,22.327694198074514,114.23418028303746,N,2025-02-25,2025-03-26,2026-01-30,,hemmaemerald.hkhs.com
10545,南首,EIGHT SOUTHPARK,,8 NAM KOK ROAD,南角道 8號,馬頭角,22.328351,114.189943,Y,2025-01-21,2025-02-13,,,www.eightsouthpark.com.hk
10565,,BELGRAVIA PLACE,PHASE 2,1 BERWICK STREET,巴域街 1號,長沙灣,22.331203806261268,114.16594614325933,Y,2025-02-17,2025-02-17,,,www.belgraviaplace.com.hk
10585,天水圍市地段第23號發展項目,TIN SHUI WAI TOWN LOT NO. 23 DEVELOPMENT,2,1 TIN YAN ROAD TIN SHUI WAI,天水圍 天恩路 1號,天水圍,22.45924091862372,114.00268520823492,Y,2025-02-25,2025-02-25,,,www.yohowest.com.hk/p2
10605,柏景峰,ONE PARK PLACE,,8 KO NGA LANE,高雅里 8號,茶果嶺、油塘及鯉魚門,22.2957189299668,114.24153922856229,Y,2025-11-03,2025-11-03,,,www.oneparkplace.hk
10625,,THE MONET,1,8 LUNG TING LANE,龍庭里 8號,九龍塘,22.3444130924392,114.18081318157745,Y,,2025-05-10,,,www.themonet.com.hk
10626,,THE MONET,2,8 LUNG TING LANE,龍庭里 8號,九龍塘,22.3445621260153,114.18071473045826,Y,,2025-05-10,,,www.themonet.com.hk
10627,,THE MONET,3,8 LUNG TING LANE,龍庭里 8號,九龍塘,22.344472728177465,114.18070564471212,Y,,2025-05-10,,,www.themonet.com.hk
10665,堅尼地道33號,33 KENNEDY ROAD,,33 KENNEDY ROAD,堅尼地道 33號,灣仔,22.2737198,114.1720867,N,2025-05-04,2025-05-04,,2026-07-28,www.33kennedyroad.com.hk
10666,樂嶺都匯,CASA SIERRA,2,72 PAK WO ROAD FANLING,粉嶺 百和路 72號,粉嶺／上水,22.48936501050439,114.139344902034,Y,2025-04-08,2025-04-29,,,sierraterrace.hkhs.com
10667,,UNI RESIDENCE,,7 HIN WO LANE SHA TIN,沙田 顯和里 7號,沙田,22.36699367473856,114.17549551931369,Y,2025-05-08,2025-05-08,,,www.uniresidence.hk
10685,西沙灣發展項目,SAI SHA RESIDENCES,PHASE 1A(2),8 HOI YING ROAD,海映路 8號,十四鄉,22.42601745901431,114.26632460362667,Y,2025-04-08,2025-04-15,,,www.sierrasea.com.hk/en/
10705,迎夏,VERANO,,125 REPULSE BAY ROAD,淺水灣道 125號,壽臣山及淺水灣,22.236787018131693,114.19952515954506,Y,2025-05-25,2025-05-25,,,verano.com.hk
10706,港島南岸,THE SOUTHSIDE,PHASE 5A,11 HEUNG YIP ROAD,香葉道 11號,香港仔及鴨脷洲,22.24701324440733,114.16788377350527,Y,2025-05-13,2025-05-15,,,www.deepwaterpavilia.com.hk
10707,港島南岸,THE SOUTHSIDE,PHASE 5B,11 HEUNG YIP ROAD,香葉道 11號,香港仔及鴨脷洲,22.246896788838722,114.16829392802816,Y,2025-07-10,2025-07-15,,,www.deepwaterpavilia.com.hk/phase5b
10725,西沙灣發展項目,SAI SHA RESIDENCES,PHASE 1B,8 HOI YING ROAD,海映路 8號,十四鄉,22.4268096,114.2654132,Y,2025-04-30,2025-05-06,,,www.sierrasea1b.com.hk
10745,東邊街九號,9 EASTERN STREET,,9 EASTERN STREET,東邊街 9號,西營盤及上環,22.2874316,114.1436468,N,2025-06-11,2025-06-30,,2025-12-08,www.9easternst.com.hk
10765,,NOVO LAND,PHASE 3A,8 YAN PO ROAD TUEN MUN,屯門 欣寶路 8號,屯門,22.41078130323948,113.97065262282398,Y,2025-06-12,2025-06-18,,,www.novoland3a.com.hk
10785,,THE MVP,,28 BONHAM ROAD,般咸道 28號,半山區西部,22.28400724226053,114.14589201899813,Y,2025-08-20,2025-09-05,,,www.theMVP.hk
10805,,LOUISETTE,,20 STANLEY BEACH ROAD,赤柱灘道 20號,赤柱,22.220914678752973,114.2134461597417,Y,,2025-07-14,,,www.louisettehk.com
10825,清水灣道887號,887 CLEAR WATER BAY ROAD,,887 CLEAR WATER BAY ROAD,清水灣道 887號,清水灣半島北,22.316582518004353,114.27575084404809,N,2025-08-08,2025-08-11,,2025-11-10,www.887cwbr.hk
10845,朗日峰,FLORA,,111 TAI TONG ROAD YUEN LONG,元朗 大棠路 111號,元朗,22.43661889336247,114.02944775817292,N,2025-06-16,2025-06-30,2026-07-02,,www.theflora.hk
10865,般咸軒,BONHAM RESIDENCE HONG KONG,,38C BONHAM ROAD,般咸道 38C號,半山區西部,22.28474003720248,114.1456374941132,N,,2025-08-27,,2026-05-19,www.bonhamresidencehk.com
10885,維港•灣畔,VICTORIA VOYAGE,PHASE 1B,18 SHING FUNG ROAD,承豐道 18號,啓德,22.3148024,114.2039786,Y,2025-07-30,2025-07-30,,,www.victoriavoyage.com.hk
10905,北映薈,NEXUS GRAND,,8 LUEN YICK STREET FANLING,粉嶺 聯益街 8號,粉嶺／上水,22.497548796530506,114.1422117855718,N,2025-11-03,2025-11-06,,2026-07-21,www.nexusgrand.com.hk
10906,上然,LE MONT,PHASE 3,19 MA WO ROAD TAI PO,大埔 馬窩路 19號,大埔,22.444171843731628,114.15921581355666,Y,2025-07-29,2025-07-29,,,www.lemont.com.hk
10945,,"1, 3, 5 GOUGH HILL ROAD",,"1, 3, 5 GOUGH HILL ROAD","歌賦山道 1, 3, 5號",山頂區,22.26570483453597,114.15478236372584,N,2025-08-12,2025-08-18,,2026-04-01,www.1-3-5ghr.com
10965,御海園,VILLAS SORRENTO,,64 & 66 MOUNT DAVIS ROAD,摩星嶺道 64 & 66號,堅尼地城及摩星嶺,22.273682198212466,114.11969799618893,N,2025-09-08,2025-09-11,2025-10-02,,www.villassorrento.hk
10985,嘉居•天后,KABITAT•TIN HAU,,33 KING'S ROAD,英皇道 33號,北角,22.284118244982107,114.1924649115774,Y,2025-08-23,2025-08-23,,,www.kabitat-tinhau.hk
11005,天璽．天發展項目,CULLINAN SKY DEVELOPMENT,PHASE 2,10 CONCORDE ROAD,協調道 10號,啓德,22.332106486238164,114.19884967065528,Y,2025-10-03,2025-10-03,,,www.cullinansky.com.hk/p2
11006,,GRB DEVELOPMENT,,176 NATHAN ROAD,彌敦道 176號,尖沙咀,22.30259950897555,114.1720708733055,Y,,2025-08-28,,,www.176-nathanroad.com
11007,壹沐,HIGHWOOD,PHASE 1,70 TO KWA WAN ROAD,土瓜灣道 70號,馬頭角,22.31645125885327,114.18916544985669,Y,2025-09-03,2025-09-03,,,www.highwood.com.hk
11025,瑧博,HOUSE MUSE,,3 NGA TSIN LONG ROAD,衙前塱道 3號,馬頭角,22.32819748848883,114.18916844575841,Y,2025-09-03,2025-09-08,,,www.housemuse.com.hk
11045,喇沙利道50號,50 LA SALLE ROAD,,50 LA SALLE ROAD,喇沙利道 50號,九龍塘,22.332748560375695,114.18204831482696,N,2025-10-23,2025-11-19,,2026-05-27,www.50lasalleroad.com
11065,薈淳,CONNEXT,,33 FEI FUNG STREET,飛鳳街 33號,慈雲山、鑽石山及新蒲崗,22.34358220793085,114.19626181560095,Y,2026-03-18,2026-03-18,,,www.themet.com.hk/connext
11066,,PORTO,,9 PING LAN STREET,平瀾街 9號,香港仔及鴨脷洲,22.244342028384487,114.15715611510942,Y,2026-03-02,2026-03-03,,,www.themet.com.hk/porto
11085,天御,THE LEGACY,PHASE 1,8 CASTLE ROAD,衛城道 8號,半山區西部,22.28237807782288,114.14918522721261,Y,2025-09-16,2025-09-17,,,www.thelegacy.com.hk
11105,,WOODIS,,15 WOOD ROAD,活道 15號,灣仔,22.27694210783684,114.17776949883569,Y,2025-09-29,2025-10-02,,,www.woodis.com.hk
11125,,1 SOUTH BAY CLOSE,,1 SOUTH BAY CLOSE,南灣坊 1號,壽臣山及淺水灣,22.239107474346664,114.20027857832923,Y,2025-09-15,2025-09-26,,,www.1southbayclose.com.hk
11145,天御,THE LEGACY,PHASE 2,8 CASTLE ROAD,衛城道 8號,半山區西部,22.28246731782164,114.1489312586711,Y,2025-09-29,2025-09-29,,,www.thelegacy.com.hk
11165,,9K KENNEDY ROAD,,9K KENNEDY ROAD,堅尼地道 9K號,灣仔,22.275505085931858,114.16755475326664,Y,,2025-12-19,,,www.9kkennedyroad.com.hk
11166,,NO. 8513 TAI PO ROAD SHA TIN HEIGHTS,,8513 TAI PO ROAD SHA TIN HEIGHTS SHA TIN,沙田 大埔公路沙田嶺段 8513號,沙田,22.361424037884852,114.16271007725689,Y,2025-10-22,2025-11-03,,,8513-17taiporoad.com/eng/1
11167,,NO. 8515 TAI PO ROAD SHA TIN HEIGHTS,,8515 TAI PO ROAD SHA TIN HEIGHTS SHA TIN,沙田 大埔公路沙田嶺段 8515號,沙田,22.361286559003304,114.16261199120481,Y,2025-10-22,2025-11-03,,,8513-17taiporoad.com/eng/2
11168,,NO. 8517 TAI PO ROAD SHA TIN HEIGHTS,,8517 TAI PO ROAD SHA TIN HEIGHTS SHA TIN,沙田 大埔公路沙田嶺段 8517號,沙田,22.361183207025388,114.16252167862143,Y,2025-10-22,2025-11-03,,,8513-17taiporoad.com/eng/3
11185,,DOUBLE COAST,3,19 SHING FUNG ROAD,承豐道 19號,啓德,22.313838907697935,114.20651930164135,Y,2025-11-10,2025-11-21,,,www.doublecoast3.hk
11205,瑧爾,AUSTIN BOHEMIAN,,530 CANTON ROAD,廣東道 530號,油麻地,22.306541021837408,114.16825858157253,Y,2025-11-05,2025-11-10,,,www.austinbohemian.com.hk
11225,幸薈,SOYO SQUARE,,439 CASTLE PEAK ROAD,青山道 439號,長沙灣,22.340120445947797,114.15390874133753,N,2025-11-11,2025-11-11,2026-08-22,,www.soyosquare.hk
11265,首匯,CHESTER,,8 WHAMPOA STREET,黃埔街 8號,紅磡,22.305906190340252,114.18468522728523,Y,2026-03-02,2026-03-18,,,www.thechester.com.hk
11285,悅麓,26 KO SHAN,,26 KO SHAN ROAD,高山道 26號,紅磡,22.312707647674102,114.18595397390816,Y,2025-12-17,2025-12-24,,,www.26koshan.com.hk
11286,,21 BORRETT ROAD,PHASE 2,21 BORRETT ROAD,波老道 21號,半山區西部,22.27279382320338,114.16426822244037,Y,2026-04-20,2026-06-02,,,www.21borrettroad.hk
11305,西沙灣發展項目,SAI SHA RESIDENCES,PHASE 2A,8 HOI YING ROAD,海映路 8號,十四鄉,22.425695543031903,114.2651228984131,Y,2025-12-22,2025-12-22,,,www.sierrasea2a.com.hk
11325,維港•灣畔,VICTORIA VOYAGE,PHASE 2B,18 SHING FUNG ROAD,承豐道 18號,啓德,22.31520575312421,114.20329204255958,Y,2026-03-24,2026-03-24,,,www.victoriavoyage.com.hk
11345,西沙灣發展項目,SAI SHA RESIDENCES,PHASE 2B,8 HOI YING ROAD,海映路 8號,十四鄉,22.424880351700917,114.26649576947253,Y,2026-01-20,2026-01-20,,,www.sierrasea2b.com.hk
11365,瑜意,ZENDO HOUSE,,8 TAK HING STREET,德興街 8號,尖沙咀,22.304603858356046,114.17239421591539,N,2026-02-12,2026-02-27,2026-03-25,,www.zendohouse.com.hk
11366,海嵎,KENNEDY BAY,,1D DAVIS STREET,爹核士街 1D號,堅尼地城及摩星嶺,22.283383674698257,114.12681801148881,Y,2026-02-09,2026-02-23,,,www.kennedybay.com.hk
11385,日出康城,LOHAS PARK,PHASE XIIIA,1 LOHAS PARK ROAD SAI KUNG,西貢 康城路 1號,將軍澳,22.295325883243226,114.26760375976801,Y,2026-07-10,2026-07-14,,,www.lamirabelle.hk/LM2
11386,日出康城,LOHAS PARK,PHASE XIIIB,1 LOHAS PARK ROAD SAI KUNG,西貢 康城路 1號,將軍澳,22.295379540690973,114.26763992787343,Y,2026-02-26,2026-02-26,,,www.lamirabelle.hk/LM1
11405,港島南岸,THE SOUTHSIDE,PHASE 6A,11 HEUNG YIP ROAD,香葉道 11號,香港仔及鴨脷洲,22.24811563525046,114.16887595420363,Y,2026-02-02,2026-02-26,,,www.deepwatersouth.hk/phase6A
11406,港島南岸,THE SOUTHSIDE,PHASE 6B,11 HEUNG YIP ROAD,香葉道 11號,香港仔及鴨脷洲,22.24805939174299,114.16868191730215,Y,2026-02-02,2026-02-05,,,www.deepwatersouth.hk/phase6B
11425,滶蘊,PAVILIA ROSA,,28 ROSE STREET,玫瑰街 28號,石硤尾,22.33294474158684,114.17317674098162,Y,2026-05-21,2026-05-27,,,www.paviliarosa.com.hk
11426,啟德海灣,KT MARINA,PHASE 2,15 SHING FUNG ROAD,承豐道 15號,啓德,22.315984695091558,114.20426759377175,Y,2026-03-30,2026-03-30,,,www.ktmarina2.com.hk
11427,瑧玥,GRAND AUSTIN BOHEMIAN,,56 KWUN CHUNG STREET,官涌街 56號,尖沙咀,22.30452234497621,114.1687519839552,Y,2026-02-11,2026-02-27,,,www.grandaustinbohemian.com.hk
11445,豐迎山,MOUNT HEBE,,8 WO MEI HUNG MIN ROAD SAI KUNG,西貢 窩美紅棉路 8號,蠔涌,22.35194129047661,114.24943117005348,Y,2026-09-16,2026-09-16,,,www.mounthebe.com
11465,映居,FOTO+,,3 IVY STREET,埃華街 3號,旺角,22.320958557242868,114.16405814159864,Y,2026-03-12,2026-03-12,,,www.fotoplus.com.hk
11485,原舍,22 SQUARE,,22 TAK CHEONG LANE,德昌里 22號,油麻地,22.312911817825462,114.16794366447097,Y,2026-03-31,2026-03-31,,,www.22square.com.hk
11505,形瑨,LIME SPARK,,21 WANG WO TSAI STREET TSUEN WAN,荃灣 橫窩仔街 21號,荃灣,22.367408628966054,114.11909078535065,Y,2026-03-20,2026-04-23,,,WWW.LIMESPARK.HK
11510,首岸,ONE VICTORIA COVE,PHASE 1,1 BAILEY STREET,庇利街 1號,紅磡,22.312736,114.188231,Y,2026-04-02,2026-04-09,,,www.onevictoriacove.com.hk
11512,首岸,ONE VICTORIA COVE,PHASE 3,1 BAILEY STREET,庇利街 1號,紅磡,22.312493,114.188215,Y,2026-04-02,2026-04-09,,,www.onevictoriacove.com.hk
11514,富慧閣,FAIRVIEW COURT,,94 REPULSE BAY ROAD,淺水灣道 94號,壽臣山及淺水灣,22.234554,114.199938,Y,2026-04-10,2026-04-16,,,www.94repulsebayroad.hk
11516,天璽·海發展項目,CULLINAN HARBOUR DEVELOPMENT,PHASE 2B,26 SHING FUNG ROAD,承豐道 26號,啓德,22.311669,114.206829,Y,2026-04-08,2026-04-13,,,www.cullinanharbour2b.com.hk
11518,,52 HOLLYWOOD ROAD,,52 HOLLYWOOD ROAD,荷李活道 52號,西營盤及上環,22.282537,114.152955,Y,,2026-04-28,,,
11520,壹沐,HIGHWOOD,PHASE 2,70 TO KWA WAN ROAD,土瓜灣道 70號,馬頭角,22.316381,114.189165,Y,2026-04-28,2026-04-28,,,www.highwood.com.hk
11522,愉景灣,DISCOVERY BAY CITY,PHASE 19-1 (ON PORTION OF AREA N1 NORTH),1 TOSCANA DRIVE,意濤徑 1號,愉景灣,22.308056,114.015097,Y,2026-06-18,2026-06-18,,,www.onetoscana.com.hk
11524,叡璟,THE STERLING,PHASE 1,8 FAT TSEUNG STREET WEST,發祥街西 8號,西南九龍,22.331385,114.150682,Y,2026-07-30,2026-08-05,,,www.thesterling.hk
11526,叡璟,THE STERLING,PHASE 2,8 FAT TSEUNG STREET WEST,發祥街西 8號,西南九龍,22.331519,114.150864,Y,2026-09-14,2026-09-14,,,www.thesterling.hk
11528,愉景灣,DISCOVERY BAY CITY,PHASE 19-2A (ON PORTION OF AREA N1 NORTH),1 TOSCANA DRIVE,意濤徑 1號,愉景灣,22.307935,114.015078,Y,2026-06-18,2026-06-18,,,www.onetoscana.com.hk/phase2
11532,林肯道7號,7 LINCOLN ROAD,,7 LINCOLN ROAD,林肯道 7號,九龍塘,22.327798,114.176928,Y,2026-09-04,2026-09-04,,,www.7lincolnroad.com
11534,海德園,THE HEADLAND RESIDENCES,PHASE 2,99 SHEUNG ON STREET,常安街 99號,柴灣,22.266195,114.244773,Y,2026-08-24,2026-09-03,,,www.theheadlandresidences.hk
11536,首岸,ONE VICTORIA COVE,PHASE 2,1 BAILEY STREET,庇利街 1號,紅磡,22.312903,114.188225,Y,2026-09-02,2026-09-25,,,www.onevictoriacove.com.hk
11538,首岸,ONE VICTORIA COVE,PHASE 4,1 BAILEY STREET,庇利街 1號,紅磡,22.312831,114.188231,Y,2026-06-05,2026-06-05,,,www.onevictoriacove.com.hk
11540,南灣道39號,39 SOUTH BAY ROAD,,39 SOUTH BAY ROAD,南灣道 39號,壽臣山及淺水灣,,,Y,,2026-06-18,,,39sbrhk.com
11542,博峯,MOUNT BROADCAST,,"71, 73, 75 BROADCAST DRIVE","廣播道 71, 73, 75號",九龍塘,22.343078,114.183413,Y,2026-06-24,2026-06-29,,,www.mountbroadcast.hk
11548,映匯,CHESTER II,,28 WHAMPOA STREET,黃埔街 28號,紅磡,22.306580,114.185170,Y,2026-06-15,2026-09-01,,,www.chestertwo.com.hk
11550,,PARK SILICON,1,23 HEUNG TSZ ROAD,鄉梓路 23號,古洞北,22.506615,114.097245,Y,2026-06-24,2026-07-23,,,www.parksilicon.hk
11552,,PARK SILICON,2,23 HEUNG TSZ ROAD,鄉梓路 23號,古洞北,22.506486,114.097272,Y,2026-06-24,2026-07-23,,,www.palosprings.hk
11554,芊御,GARDEN REGENCY,,1A YING HO ROAD YUEN LONG,元朗 映河路 1A號,錦田北,22.442216,114.053235,Y,2026-06-25,2026-07-08,,,www.gardenregency.com
11558,"加列山道35, 35A, 37及37A號","NOS. 35, 35A, 37, AND 37A, MOUNT KELLETT ROAD",,"35, 35A, 37 and 37A MOUNT KELLETT ROAD","加列山道 35, 35A, 37 and 37A號",山頂區,22.258502,114.150259,Y,,2026-07-23,,,mkr35-37a.com
11578,泓璟,ONE LIBERTY,,1B LIBERTY AVENUE,自由道 1B號,何文田,22.318936,114.173910,Y,2026-08-18,2026-08-19,,,oneliberty.com.hk
11590,皇璇,STATE RESIDENCE,,1 HEI WO STREET,熙和街 1號,北角,22.290955,114.195660,Y,2026-09-10,2026-09-11,,,www.stateresidence.com.hk
11594,擎海發展項目,THE ATLAS DEVELOPMENT,PHASE 1,23 TUNG YUEN STREET,東源街 23號,茶果嶺、油塘及鯉魚門,22.292873,114.235514,Y,2026-09-10,2026-09-21,,,www.theatlas.hk/phase1
1166,雋瓏,PAXTON,,313 PRINCE EDWARD ROAD WEST,太子道西 313號,何文田,22.3263584,114.1834593,N,2014-06-20,2014-06-20,2018-06-11,,www.Paxton.com.hk
1167,棗梨雅道3號,3 JULIA AVENUE,,3 JULIA AVENUE,棗梨雅道 3號,何文田,22.3199465,114.175122,N,2014-09-10,2014-09-11,2019-06-30,,www.3juliaavenue.hk
1225,菁盈雅軒,GREENRICH MANSION,,100 CASTLE PEAK ROAD,青山道 100號,長沙灣,22.335018,114.16100,N,2014-04-30,2014-05-09,2018-12-06,,www.greenrichmansion.com
1365,賓吉道3號,3 PLUNKETT’S ROAD,,3 PLUNKETT'S ROAD,賓吉道 3號,山頂區,22.26712,114.152151,Y,2014-07-11,2014-07-14,,,www.3plunkettsroad.com
1366,遠晴,LE RIVIERA,,23 SHAU KEI WAN MAIN STREET EAST,筲箕灣東大街 23號,筲箕灣,22.2805551,114.2308535,N,2014-07-18,2014-07-22,2014-12-09,,www.le-riviera.com
1385,羅便臣道80號,80 ROBINSON ROAD,,80 ROBINSON ROAD,羅便臣道 80號,半山區西部,22.282738,114.146797,Y,2015-04-15,2015-04-23,,,www.80robinsonroad.com.hk
1405,迎海,DOUBLE COVE,DOUBLE COVE PHASE 3,8 WU KAI SHA ROAD SHA TIN,沙田 烏溪沙路 8號,馬鞍山,22.4318558,114.2410972,N,2014-09-20,2014-09-20,,2025-04-09,www.doublecove.com.hk
153,曦巒,PARK HAVEN,,38 HAVEN STREET,希雲街 38號,銅鑼灣,22.277738,114.18734,Y,,2014-12-31,,,www.parkhaven.com.hk
1548,喇沙利道25號 (在2026年5月27日前稱為喇沙滙),"25 LA SALLE ROAD (BEFORE 27 MAY 2026, THE DEVELOPMENT IS KNOWN AS LA MAISON DE LA SALLE)",,25 LA SALLE ROAD,喇沙利道 25號,九龍塘,22.3310112,114.1816957,Y,2014-08-05,2014-08-14,,,25lasalleroad.com
160,肇輝臺6號(在2014年4月30日前稱為嘉岶薈),CHANTILLY,,6 SHIU FAI TERRACE,肇輝臺 6號,半山區東部,22.2717865,114.177966,Y,2013-06-18,2013-06-19,,,www.chantilly.com.hk
1665,富雅閣,FULL ART COURT,,149 KWEILIN STREET,桂林街 149號,長沙灣,22.3324316,114.1631355,N,2015-01-30,2015-01-30,2015-01-31,,www.fullartcourt.com.hk
1685,何文田山畔,HOMANTIN HILLSIDE,,8 WAI YIN PATH,薈然徑 8號,紅磡,22.3121752,114.1852011,N,2014-11-13,2014-11-18,2019-05-02,,www.homantinhillside.hk
1726,,AVA 128,,124-128 DES VOEUX ROAD WEST,德輔道西 124-128號,西營盤及上環,22.2876569,114.145045,N,2014-12-06,2014-12-07,2015-03-07,,www.ava128.com.hk
1845,尚巒,WARRENWOODS,,23 WARREN STREET,華倫街 23號,銅鑼灣,22.2781585,114.1916113,N,2015-07-28,2015-10-02,2016-01-04,,www.warrenwoods.com.hk
185,,YOO RESIDENCE,,33 TUNG LO WAN ROAD,銅鑼灣道 33號,銅鑼灣,22.2787981,114.1888382,N,2013-06-11,2013-06-11,2017-09-22,,www.yooresidence.com.hk
1865,富豪海灣,REGALIA BAY,,88 WONG MA KOK ROAD,黃麻角道 88號,赤柱,22.2085131,114.2126376,Y,,2017-03-13,,,www.regaliabay.com
1866,環角道7號、9號及11號,"NOS. 7, 9 AND 11 CAPE ROAD",,"7, 9, 11 CAPE ROAD","環角道 7, 9, 11號",赤柱,22.216872,114.20550,N,2015-01-12,2015-01-22,2019-04-25,,7-11caperoad.com.hk
1905,利．港灣 18,L．HARBOUR 18,,18 CHI KIANG STREET,浙江街 18號,馬頭角,22.3147352,114.190218,N,2014-11-19,2014-12-03,,2026-03-11,www.lharbour18.com
1925,藍塘道23-39,23-39 BLUE POOL ROAD,,"23,25,27,29,31,33,35,37,39 BLUE POOL ROAD","藍塘道 23,25,27,29,31,33,35,37,39號",黃泥涌,22.2687706,114.1871283,Y,2015-02-06,2015-03-30,,,www.23-39bluepoolroad.com
1945,倚南,H．BONAIRE,,68 MAIN ST AP LEI CHAU,鴨脷洲大街 68號,香港仔及鴨脷洲,22.2442365,114.1556765,Y,2014-12-05,2014-12-06,,,www.h-bonaire.com.hk
1966,東環發展項目,CENTURY LINK DEVELOPMENT,PHASE 1,6 YING HONG STREET LANTAU ISLAND,大嶼山 迎康街 6號,東涌市中心地區,22.2952931,113.9488605,N,2014-12-18,2014-12-18,,2025-10-24,www.centurylink.com.hk
2005,加多利園,KADOORIE VILLAS,,133 SAN TAM ROAD SAN TIN YUEN LONG,元朗 新田 新潭路 133號,牛潭尾,22.473901892746298,114.05760574207875,N,2016-12-23,2017-01-06,2018-04-24,,www.str133.com
2025,壹號九龍山頂,ONE KOWLOON PEAK,ONE,8 PO FUNG TERRACE TSUEN WAN,荃灣 寶豐台 8號,荃灣,22.3689907,114.0969047,N,2015-01-19,2015-01-20,2016-12-23,,www.onekowloonpeak.com.hk
2045,九肚山峰,KAU TO HIGHLAND,,39-77 LAI PING ROAD SHA TIN,沙田 麗坪路 39-77號,沙田,22.41373836694934,114.20144822896646,N,2015-05-16,2015-05-31,2018-09-06,,www.kautohighland.com.hk
207,懿山,ALTRO,,116-118 SECOND STREET,第二街 116-118號,西營盤及上環,22.2861163,114.1400929,N,2013-06-20,2013-06-20,2015-05-08,,www.altro-hk.com
2126,維港．星岸,STARS BY THE HARBOUR,,7 HUNG LUEN ROAD,紅鸞道 7號,紅磡,22.3016815,114.1881841,N,2015-06-22,2015-07-23,2026-07-17,,www.starsbytheharbour.com.hk
2205,丹桂村路65-89號,65-89 TAN KWAI TSUEN ROAD,,65-89 TAN KWAI TSUEN ROAD YUEN LONG,元朗 丹桂村路 65-89號,唐人新村,22.4298754,113.9989397,Y,2015-05-20,2015-05-21,,,www.casaregalia.hk
2245,,"NO.1 HORIZON DRIVE, NOS. 44, 46, 48 AND 50 CHUNG HOM KOK ROAD",,1 HORIZON DRIVE,海天徑 1號,赤柱,22.219075,114.20386,N,2015-04-10,2015-04-24,2017-01-03,,www.chunghomkokcollection.com
2325,天鑄發展項目,ULTIMA DEVELOPMENT,PHASE 1,23 FAT KWONG STREET,佛光街 23號,何文田,22.3118224,114.1825156,Y,2015-06-02,2015-06-03,,,www.ultima.com.hk
2425,鑽嶺,ASPEN CREST,,68 WAN FUNG STREET,環鳳街 68號,慈雲山、鑽石山及新蒲崗,22.34494,114.198623,N,2015-08-19,2015-08-19,2018-08-27,,www.aspencrest.com.hk
2445,逸海,BIARRITZ,,16 TSING TAI ROAD TUEN MUN,屯門 青泰路 16號,屯門,22.365296,114.0034794,N,2015-07-15,2015-07-15,2017-07-28,,www.biarritz.com.hk
2465,柏匯,PARKER33,,33 SHING ON STREET,成安街 33號,筲箕灣,22.2813847,114.2208685,Y,2015-07-09,2015-08-04,,,www.parker33.com.hk
2485,迎海,DOUBLE COVE,DOUBLE COVE PHASE 4,8 WU KAI SHA ROAD SHA TIN,沙田 烏溪沙路 8號,馬鞍山,22.4318558,114.2410972,N,2015-07-10,2015-08-07,,2026-08-21,www.doublecove.com.hk
2526,,MOUNT NICHOLSON,I,8 MOUNT NICHOLSON ROAD,聶歌信山道 8號,山頂區,22.2629501,114.1799126,Y,2016-02-04,2016-02-12,,,www.mountnicholson.com.hk
2545,,MOUNT NICHOLSON,II,8 MOUNT NICHOLSON ROAD,聶歌信山道 8號,山頂區,22.2629501,114.1799126,Y,2016-09-29,2016-09-30,,,www.mountnicholson.com.hk
2546,,MOUNT NICHOLSON,III,8 MOUNT NICHOLSON ROAD,聶歌信山道 8號,山頂區,22.2629501,114.1799126,Y,2017-10-27,2017-10-31,,,www.mountnicholson.com.hk
2585,紅山半島,THE REDHILL PENINSULA,THE REDHILL PENINSULA - SITE B,18 PAK PAT SHAN ROAD,白筆山道 18號,大潭及石澳,22.2303073,114.2272313,N,2015-08-11,2015-08-21,2023-12-08,,www.theredhillpeninsula.com.hk
2605,傲瀧,MOUNT PAVILIA,,663 CLEAR WATER BAY ROAD,清水灣道 663號,清水灣半島北,22.3358012,114.2603848,Y,2016-01-21,2016-02-04,,,www.mountpavilia.com.hk
2645,,ISLAND RESIDENCE,,163 SHAU KEI WAN ROAD,筲箕灣道 163號,筲箕灣,22.2809157,114.2234381,N,2015-09-21,2015-09-25,2021-09-27,,www.islandresidence.hk
2665,華景園,GRAND GARDEN,,61 SOUTH BAY ROAD,南灣道 61號,壽臣山及淺水灣,22.2277271,114.2009926,Y,,2017-12-29,,,grand-garden.hk
2687,,THE GRAMPIAN,,11 GRAMPIAN ROAD,嘉林邊道 11號,九龍塘,22.328817,114.186251,N,2016-06-30,2016-07-27,2026-03-02,,www.thegrampian.com
2705,青薈,GIOVANE,,201 CASTLE PEAK ROAD,青山道 201號,長沙灣,22.3361407,114.1591283,N,2015-09-30,2015-09-30,2023-02-17,,www.giovane.hk
2745,滿名山,THE BLOOMSWAY,,"18, 28, 29 TSING YING ROAD TUEN MUN","屯門 青盈路 18, 28, 29號",屯門,22.3773102,113.9879699,N,2015-10-26,2015-11-04,2025-09-02,,www.bloomsway.com.hk
2766,,CAPRI,,33 TONG YIN STREET TSEUNG KWAN O SAI KUNG,西貢 將軍澳 唐賢街 33號,將軍澳,22.3032359,114.2568172,N,2015-10-28,2015-10-30,2021-05-04,,www.capri.hk
285,,SHOUSON PEAK,,9-19F SHOUSON HILL ROAD,壽山村道 9-19F號,壽臣山及淺水灣,22.250120438284245,114.17950762400778,Y,2013-09-12,2013-09-12,,,www.shousonpeak.com
2865,映御,TWIN REGENCY,,11 TAK YIP STREET YUEN LONG,元朗 德業街 11號,元朗,22.452328823872726,114.02948702714423,Y,2016-02-05,2016-02-11,,,www.twinregency.com.hk
2885,峻巒發展項目,PARK VISTA DEVELOPMENT,1A,18 CASTLE PEAK ROAD TAM MI YUEN LONG,元朗 青山公路潭尾段 18號,錦田北,22.4628975,114.0527163,Y,2015-11-16,2015-11-17,,,www.parkvista.com.hk/1a
2905,峻巒發展項目,PARK VISTA DEVELOPMENT,1B,18 CASTLE PEAK ROAD TAM MI YUEN LONG,元朗 青山公路潭尾段 18號,錦田北,22.451398,114.05246,Y,2016-06-07,2016-06-08,,,www.parkyoho.com/venezia
2906,峻巒發展項目,PARK VISTA DEVELOPMENT,1C,18 CASTLE PEAK ROAD TAM MI YUEN LONG,元朗 青山公路潭尾段 18號,錦田北,22.451392,114.05240,Y,2016-07-09,2016-07-10,,,www.parkyoho.com/sicilia
2925,逸瓏園,THE MEDITERRANEAN,,8 TAI MONG TSAI ROAD SAI KUNG,西貢 大網仔路 8號,西貢市,22.3862024,114.2719021,N,2015-12-10,2015-12-10,2026-02-26,,www.themediterranean.hk
2947,煥然壹居,,,3 MUK CHUI STREET,沐翠街 3號,啓德,22.331205,114.2021949,N,2015-12-03,2015-12-09,2026-02-26,,www.urakaitak.hk
2985,帝滙豪庭,WELLESLEY,,23 ROBINSON ROAD,羅便臣道 23號,半山區西部,22.2787583,114.1523855,Y,2015-12-04,2015-12-04,,,www.wellesley.com.hk
3005,興建於將軍澳市地段第72號的發展項目,DEVELOPMENT CONSTRUCTED ON TSEUNG KWAN O TOWN LOT NO.72,PHASES 2 AND 2A,9 TONG YIN STREET TSEUNG KWAN O SAI KUNG,西貢 將軍澳 唐賢街 9號,將軍澳,22.3069716,114.2599461,Y,2016-12-14,2016-12-14,,,www.thewings.com.hk
305,南埼,SCAPE,,"20, 22, 26A-26F CAPE ROAD","環角道 20, 22, 26A-26F號",赤柱,22.2162007,114.2052652,Y,2014-11-07,2014-11-07,,,www.The-SCape.com
3065,天巒,VALAIS,,28 & 33 KWU TUNG ROAD KWU TUNG,古洞 古洞路 28 & 33號,古洞南,22.502524,114.10281,Y,2016-06-10,2016-07-21,,,www.valais.com.hk
3085,朗屏8號發展項目,THE SPECTRA DEVELOPMENT,PHASE 2,8 KWONG YIP STREET YUEN LONG,元朗 擴業街 8號,元朗,22.4492808,114.0266763,N,2016-03-04,2016-03-04,2021-08-05,,www.thespectra.com.hk
3105,君柏,THE ZUMURUD,,204 ARGYLE STREET,亞皆老街 204號,馬頭角,22.3242064,114.1856368,N,2016-02-03,2016-03-03,2026-03-20,,www.thezumurud.com.hk
3146,天鑄發展項目,ULTIMA DEVELOPMENT,PHASE 2,23 FAT KWONG STREET,佛光街 23號,何文田,22.3118224,114.1825156,Y,2016-02-05,2016-03-04,,,www.ultima.com.hk/p2
3165,,ONE HOMANTIN,,1 SHEUNG FOO STREET,常富街 1號,何文田,22.316928,114.18105,N,2016-03-10,2016-03-13,2024-04-17,,www.onehomantin.com.hk
3185,皓畋,MANTIN HEIGHTS,,28 SHEUNG SHING STREET,常盛街 28號,何文田,22.3193908,114.1812438,N,2016-03-17,2016-03-24,2026-02-01,,www.mantinheights.com.hk
3225,福慧大廈,FORTUNA COURT,,25 REPULSE BAY ROAD,淺水灣道 25號,壽臣山及淺水灣,22.2505491,114.1919828,Y,2016-03-17,2016-03-18,,,www.fortunacourt.hk
3245,伊甸雅苑,EDEN VILLA,,301-338 MAI PO SAN TSUEN YUEN LONG,元朗 米埔新村 301-338號,米埔及錦綉花園,22.489938,114.05856,N,2016-03-24,2016-03-24,2025-06-01,,www.edenvilla.com.hk
3265,翠瓏,LUX HABITAT,,39 PUN SHAN CHAU TAI PO,大埔 半山洲 39號,大埔,22.43065531712479,114.16897695679586,N,2016-03-08,2016-03-15,2017-10-15,,www.luxhabitat.com.hk
3266,,8-12 PEAK ROAD,,"8, 10, 12 PEAK ROAD","山頂道 8, 10, 12號",山頂區,22.271866,114.169927,Y,,2016-03-11,,,www.8-12peakroad.com.hk
3345,,KADOORIA,,"111,113,115,117,119,121,123 KADOORIE AVENUE","嘉道理道 111,113,115,117,119,121,123號",何文田,22.324768,114.1751072,N,2017-10-06,2017-10-26,2020-02-17,,www.kadooria.com
3365,,SAVANNAH,,3 CHI SHIN STREET TSEUNG KWAN O SAI KUNG,西貢 將軍澳 至善街 3號,將軍澳,22.3060383,114.263998,N,2016-04-28,2016-04-29,2022-12-31,,www.savannahhk.com.hk
3465,尚林,THE WOODS,,"2, 6 PAK SHEK WO SAN TSUEN ROAD SAI KUNG","西貢 白石窩新村路 2, 6號",井欄樹,22.3366697,114.2421169,N,2016-06-30,2016-07-05,,2025-10-06,www.thewoods.com.hk
3505,,NAPA,,88 SO KWUN WAT ROAD TUEN MUN,屯門 掃管笏路 88號,屯門,22.37291578054652,114.0021180138001,Y,2016-10-05,2016-10-07,,,www.napahk.com.hk
3585,,GRAND YOHO DEVELOPMENT,PHASE 1,9 LONG YAT ROAD YUEN LONG,元朗 朗日路 9號,元朗,22.4451956,114.0367914,Y,2016-08-10,2016-08-10,,,www.grandyoho.com.hk
3625,形薈,LIME GALA,,393 SHAU KEI WAN ROAD,筲箕灣道 393號,筲箕灣,22.277071102871833,114.22859489447751,Y,2016-07-29,2016-08-03,,,WWW.LIMEGALA.HK
3705,尚譽,ONE PRESTIGE,,1 YUET YUEN STREET,月園街 1號,北角,22.291310574903708,114.19618161228573,Y,2016-08-24,2016-08-30,,,www.oneprestige.com.hk
3725,藍塘傲,ALTO RESIDENCES,,29 TONG YIN STREET TSEUNG KWAN O SAI KUNG,西貢 將軍澳 唐賢街 29號,將軍澳,22.302928468660227,114.25810517077787,N,2016-09-30,2016-10-07,2025-11-14,,www.altoresidences.com.hk
3785,沙宣道29號,29 SASSOON ROAD,,29 SASSOON ROAD,沙宣道 29號,薄扶林,22.26634,114.128484,Y,,2016-09-27,,,www.hpgl.com/29sassoonroad
3826,巴丙頓山,BABINGTON HILL,,23 BABINGTON PATH,巴丙頓道 23號,半山區西部,22.2824741,114.1415311,Y,2018-01-11,2018-01-15,,,www.babingtonhill.com.hk
3845,,POKFULAM PEAK,,92A- 92E POK FU LAM ROAD,薄扶林道 92A- 92E號,半山區西部,22.277668,114.132393,N,2016-09-30,2016-10-07,2019-03-29,,www.pokfulampeak.com.hk
3866,,AVA 55,,55 KAI TAK ROAD,啟德道 55號,馬頭角,22.329778,114.191943,Y,2016-10-26,2016-10-28,,,www.ava55.com.hk
3945,匯璽發展項目,CULLINAN WEST DEVELOPMENT,2A,28 SHAM MONG ROAD,深旺道 28號,西南九龍,22.326637520356158,114.15430626453417,Y,2017-03-03,2017-03-09,,,www.cullinanwest.com.hk
3965,南灣,LARVOTTO,,8 AP LEI CHAU PRAYA ROAD,鴨脷洲海旁道 8號,香港仔及鴨脷洲,22.239041,114.1599595,Y,2017-08-07,2017-08-11,,,www.larvotto.com.hk
3985,,GRAND YOHO DEVELOPMENT,PHASE 2,9 LONG YAT ROAD YUEN LONG,元朗 朗日路 9號,元朗,22.4451956,114.0367914,Y,2016-12-23,2016-12-23,,,www.grandyoho.com.hk/p2
4025,高爾夫．御苑,EDEN MANOR,,88 CASTLE PEAK ROAD KWU TUNG NORTH,北區 青山公路古洞段 88號,沙田 、 大埔 及 北區（其他支區／小區）,22.499774138491027,114.11992277179434,Y,2017-01-27,2017-02-03,,,www.edenmanor.com.hk
4045,澐瀚,LE CAP,,83 LAI PING ROAD SHA TIN,沙田 麗坪路 83號,沙田,22.4157481,114.1998649,N,2017-11-03,2017-11-03,2020-09-17,,www.lecap.com.hk
4046,澐灃,LA VETTA,,68 LAI PING ROAD SHA TIN,沙田 麗坪路 68號,沙田,22.4157481,114.1998649,N,2018-10-12,2018-10-12,2021-05-25,,www.lavetta.com.hk
4065,尚澄,MARIN POINT,,31 SHUN LUNG STREET SHA TAU KOK,沙頭角 順隆街 31號,沙田 、 大埔 及 北區（其他支區／小區）,22.54403775481876,114.22541980140863,Y,2017-04-21,2017-04-26,,,www.marinpoint.com
4085,,MONTEREY,,23 TONG CHUN STREET TSEUNG KWAN O,將軍澳 唐俊街 23號,將軍澳,22.302334630975846,114.26266547543185,N,2017-03-03,2017-03-06,2025-02-20,,www.montereyhk.com.hk
4125,尚璟,ALTAMIRA,,18 PO SHAN ROAD,寶珊道 18號,半山區西部,22.28037301607585,114.14292955401345,Y,2017-02-17,2017-02-22,,,www.altamira.hk
4128,龍譽,VIBE CENTRO,,9 MUK NING STREET,沐寧街 9號,啓德,22.3279279,114.2007331,N,2017-03-10,2017-03-15,,2026-06-17,www.vibecentro.com.hk
4145,逸璟．龍灣,L'AQUATIQUE,,108 CASTLE PEAK ROAD TSING LUNG TAU TSING LUNG TAU,青山公路青龍頭段 108號,荃灣西,22.3600844,114.0409028,Y,2018-11-06,2018-11-08,,,www.laquatique.com.hk
4185,勝利道1號,ONE VICTORY,,"1, 1A, 3 VICTORY AVENUE","勝利道 1, 1A, 3號",何文田,22.31856914627029,114.17474311405488,Y,,2017-04-11,,,onevictoryhk.wixsite.com/home
4225,銅璵,PATINA,,18 JUNCTION ROAD,聯合道 18號,馬頭角,22.328344,114.187167,Y,2017-03-25,2017-03-27,,,www.patina.hk
425,壹鑾,REGENT HILL,,1 LUN HING STREET,聯興街 1號,黃泥涌,22.267654,114.186971,N,2013-09-18,2013-09-30,2019-12-13,,www.regenthill.com.hk
426,寶御,STAR RUBY,,1 SAN WAI STREET,新圍街 1號,紅磡,22.3115994,114.1868121,N,2013-09-05,2013-09-05,2021-05-20,,www.starruby.com.hk
4267,雲海發展項目,ST. BARTHS DEVELOPMENT,2,9 YIU SHA ROAD SHA TIN,沙田 耀沙路 9號,馬鞍山,22.379942,114.195929,Y,2019-10-15,2019-10-18,,,www.stbarths.com.hk
4268,雲端,ST MORITZ,,88 LAI PING ROAD SHA TIN,沙田 麗坪路 88號,沙田,22.415418,114.20058,Y,2017-12-05,2017-12-05,,,www.stmoritz.com.hk
4269,嘉富海灣,"GRANDVIEW OCEANIA (BEFORE 6 APRIL 2025, THE DEVELOPMENT IS KNOWN AS GRAND RIVIERA)",,368 CASTLE PEAK ROAD TING KAU TSUEN WAN,荃灣 青山公路汀九段 368號,荃灣西,22.368505, 114.07530,Y,2017-04-10,2017-08-11,,,www.grandviewoceania.com.hk
4285,雲海發展項目,ST. BARTHS DEVELOPMENT,1,9 YIU SHA ROAD SHA TIN,沙田 耀沙路 9號,馬鞍山,22.434028,114.24063,N,2017-12-19,2017-12-19,2025-08-27,,www.stbarths.com.hk
4365,壹嘉,L'WANCHAI,,109 WAN CHAI ROAD,灣仔道 109號,灣仔,22.2766295,114.1754361,N,2017-06-19,2017-06-23,,2025-08-07,www.L-wanchai.com
4385,豐寓,EDITION 178,,178 HING FONG ROAD KWAI CHUNG,葵涌 興芳路 178號,葵涌,22.3599222,114.1282474,N,2017-07-26,2017-07-31,2019-03-01,,www.edition178.com
4386,,63 POKFULAM,,63 POK FU LAM ROAD,薄扶林道 63號,西營盤及上環,22.2853166,114.1379366,N,2017-06-29,2017-07-04,,2026-08-18,www.63pokfulam.com.hk
4406,皇第,DUKES PLACE,,47 PERKINS ROAD,白建時道 47號,渣甸山及黃泥涌峽,22.2696913,114.1941656,N,2019-03-29,2019-04-08,2026-02-23,,www.dukesplace.com.hk
4445,,YOO 18 BONHAM,,18 BONHAM ROAD,般咸道 18號,半山區西部,22.2835898,114.1460425,N,2017-11-03,2017-11-21,,2026-01-20,www.yoo18bonham.com
4446,,AVA 61,,61 TAI PO ROAD,大埔道 61號,長沙灣,22.331568160037158,114.16470404342817,Y,2017-06-10,2017-06-14,,,www.ava61.com.hk
4447,峻巒發展項目,PARK VISTA DEVELOPMENT,PHASE 2A,18 CASTLE PEAK ROAD TAM MI YUEN LONG,元朗 青山公路潭尾段 18號,錦田北,22.45206191474737,114.05225557588756,Y,2017-06-14,2017-06-15,,,www.parkyoho.com/genova
4585,紅山半島,THE REDHILL PENINSULA,THE REDHILL PENINSULA - SITE C,18 PAK PAT SHAN ROAD,白筆山道 18號,大潭及石澳,22.2303073,114.2272313,N,2020-04-27,2020-04-27,2023-12-08,,www.theredhillpeninsula.com.hk
4625,海璇發展項目,VICTORIA HARBOUR DEVELOPMENT,1B,133 JAVA ROAD,渣華道 133號,北角,22.2931784,114.2019946,Y,2017-11-10,2017-11-13,,,www.victoriaharbour.com.hk
4665,,OASIS KAI TAK,,10 MUK NING STREET,沐寧街 10號,啓德,22.3287686,114.1999747,N,2017-09-05,2017-09-05,2024-10-21,,www.oasiskaitak.hk
4685,深水灣徑8號,8 DEEP WATER BAY DRIVE,,8 DEEP WATER BAY DRIVE,深水灣徑 8號,壽臣山及淺水灣,22.25263,114.182477,Y,2018-06-22,2018-06-29,,,www.8deepwaterbaydrive.com
4705,柏蔚山,FLEUR PAVILIA,,1 KAI YUEN STREET,繼園街 1號,北角,22.290656,114.203584,Y,2018-04-16,2018-05-21,,,www.fleurpavilia.com.hk
4745,日出康城,LOHAS PARK,PHASE IVA,1 LOHAS PARK ROAD SAI KUNG,西貢 康城路 1號,將軍澳,22.2953199,114.271654,Y,2017-09-08,2017-09-08,,,www.wingsatsea.com.hk
4785,翰畋,80 MAIDSTONE ROAD,,80 MAIDSTONE ROAD,美善同道 80號,馬頭角,22.3177047,114.1868432,N,2017-11-17,2017-11-17,2023-10-05,,www.80maidstoneroad.hk
4805,傲凱,ASTORIA CREST ,,229 HAI TAN STREET,海壇街 229號,長沙灣,22.3291345,114.1575211,N,2017-12-07,2017-12-07,2022-06-10,,www.astoriacrest.com.hk
4825,,UPPER CENTRAL,,48 CAINE ROAD,堅道 48號,半山區西部,22.2808213,114.1522726,Y,2024-08-30,2024-09-10,,,www.uppercentralhk.com
4845,津匯,CITY HUB,,"6,8 KOWLOON CITY ROAD","九龍城道 6,8號",馬頭角,22.31573605953475,114.18814026655195,N,2018-01-16,2018-01-19,2026-02-09,,www.cityhub.com.hk
4865,日出康城,LOHAS PARK,PHASE IVB,1 LOHAS PARK ROAD SAI KUNG,西貢 康城路 1號,將軍澳,22.2953199,114.271654,Y,2017-10-14,2017-10-14,,,www.wingsatsea2.com.hk
4906,君豪峰,NOVUM EAST,,856 KING'S ROAD,英皇道 856號,鰂魚涌,22.2897844,114.2091778,Y,2017-09-10,2017-10-18,,,www.novumeast.com.hk
4945,匯璽發展項目,CULLINAN WEST DEVELOPMENT,PHASE 3,28 SHAM MONG ROAD,深旺道 28號,西南九龍,22.326670480242726,114.15436949828427,Y,2017-11-10,2017-11-13,,,www.cullinanwest2.com.hk
4965,君譽峰,NOVUM POINT,,3 MARBLE ROAD,馬寶道 3號,北角,22.29183300145365,114.19965485099567,Y,2017-11-20,2018-01-09,,,www.novumpoint.com.hk
4985,元崗251號及元崗252號,NO. 251 YUEN KONG AND NO.252 YUEN KONG,,"251, 252 YUEN KONG PAT HEUNG YUEN LONG","元朗 八鄉 元崗 251, 252號",錦田南,22.438599,114.0206878,N,2018-03-19,2018-03-22,2018-08-11,,www.skyoasis.com.hk
5006,明寓,CRISTALLO,,279 PRINCE EDWARD ROAD WEST,太子道西 279號,何文田,22.32589510459007,114.17996232771236,Y,2018-02-01,2018-02-15,,,www.cristallo.com.hk
5065,日出康城,LOHAS PARK,PHASE VA,1 LOHAS PARK ROAD SAI KUNG,西貢 康城路 1號,將軍澳,22.296120391296668,114.26815103502656,N,2018-02-22,2018-02-26,2021-07-30,,www.malibu.com.hk
5105,南津．迎岸,SOUTH WALK．AURA,,12 TIN WAN STREET,田灣街 12號,香港仔及鴨脷洲,22.24958219656673,114.14928151393906,Y,2018-03-16,2018-03-16,,,www.southwalkaura.com.hk
5106,淺水灣道72號,72 REPULSE BAY ROAD,,72 REPULSE BAY ROAD,淺水灣道 72號,壽臣山及淺水灣,22.23782942889069,114.19821966474433,Y,2018-03-14,2018-03-14,,,72rbr.firsthk.com
5125,嘉熙,SOLARIA,,16 FO CHUN ROAD TAI PO,大埔 科進路 16號,白石角(東部),22.429514068410736,114.20511692691127,Y,2018-05-18,2018-05-19,,,www.solaria.com.hk
5145,御半山發展項目,MOUNT REGENCY DEVELOPMENT,PHASE 1,8 KING SAU LANE TUEN MUN,屯門 景秀里 8號,屯門,22.40539302613203,113.98101464763795,Y,2018-04-19,2018-04-19,,,www.mountregency.com.hk
5165,渣甸豪庭,JARDINE SUMMIT,,50A TAI HANG ROAD,大坑道 50A號,銅鑼灣,22.275871274593324,114.19385096003248,N,2018-05-11,2018-05-17,2020-11-04,,www.jardinesummit.com.hk
5185,海日灣,THE HORIZON,,18 FO CHUN ROAD TAI PO,大埔 科進路 18號,白石角(東部),22.42989112892042,114.20705891879993,Y,2018-10-15,2018-10-16,,,www.thehorizon.com.hk
5205,利奧坊．凱岸,CETUS．SQUARE MILE,,18 KA SHIN STREET,嘉善街 18號,旺角,22.320133412788458,114.161327601028,Y,2018-05-25,2018-05-31,,,www.cetus-squaremile.com.hk
5206,,BELFRAN PEAK,,9 BELFRAN ROAD,巴芬道 9號,何文田,22.326373,114.17679499999997,N,2018-08-27,2018-08-27,2021-02-27,,www.belfranpeak.com.hk
5207,上源,LE PONT,,99 SO KWUN WAT ROAD TUEN MUN,屯門 掃管笏路 99號,屯門,22.373400487239724,114.00378166899941,Y,2018-09-10,2018-09-20,,,lepont.com.hk
5245,皇府灣,LE PALAIS,,8 PAK PAT SHAN ROAD,白筆山道 8號,大潭及石澳,22.23345036412035,114.22469823507015,Y,2019-06-17,2019-06-22,,,www.lepalais.com.hk
525,耀爵臺,EUGENE TERRACE,,2A EARL STREET,伯爵街 2A號,何文田,22.3268892,114.1806042,Y,2013-08-23,2013-08-23,,,www.eugeneterrace.com.hk
5265,雲滙發展項目,ST MARTIN DEVELOPMENT,PHASE 1,12 FO CHUN ROAD TAI PO,大埔 科進路 12號,白石角(東部),22.430338224195882,114.20403590280102,Y,2018-06-14,2018-06-14,,,www.stmartin.com.hk/p1
5266,雲滙發展項目,ST MARTIN DEVELOPMENT,PHASE 2,12 FO CHUN ROAD TAI PO,大埔 科進路 12號,白石角(東部),22.43040030107247,114.20398205946048,Y,2018-07-03,2018-07-03,,,www.stmartin.com.hk/p2
5305,大潭道45號,45 TAI TAM ROAD,,45 TAI TAM ROAD,大潭道 45號,大潭及石澳,22.229466825038702,114.2200002922043,N,2019-05-15,2019-07-17,2026-01-30,,www.45taitamroad.com.hk
5325,峻巒發展項目,PARK VISTA DEVELOPMENT,PHASE 2C,18 CASTLE PEAK ROAD TAM MI YUEN LONG,元朗 青山公路潭尾段 18號,錦田北,22.45284453810604,114.05190392631175,Y,2018-07-21,2018-07-21,,,www.parkyoho.com/milano
5345,珀玥,THE GARRISON,,28 MEI TIN ROAD TAI WAI SHA TIN,沙田 大圍 美田路 28號,沙田,22.374859577938068,114.1763897023095,N,2018-07-03,2018-07-03,2020-11-30,,www.thegarrison.com.hk
5385,維峯‧浚匯,THE CONSONANCE,,23 JUPITER STREET,木星街 23號,北角,22.28623329131254,114.19209201322155,Y,2018-10-08,2018-10-25,,,www.theconsonance.com.hk
5465,藝里坊．1號,ONE．ARTLANE,,8 CHUNG CHING STREET,忠正街 8號,西營盤及上環,22.28747855935992,114.1411373754845,Y,2018-08-29,2018-08-31,,,www.one-artlane.com.hk
5466,飛鵝山道三號,NO. 3 FEI NGO SHAN ROAD,,3 FEI NGO SHAN ROAD CLEAR WATER BAY,清水灣 飛鵝山道 3號,井欄樹,22.335502205603813,114.22667570385533,Y,2019-10-31,2019-10-31,,,www.3fns.com.hk
5467,海傲灣,ONE EAST COAST,,1 LEI YUE MUN PATH,鯉魚門徑 1號,茶果嶺、油塘及鯉魚門,22.29268256540649,114.2385194179019,N,2018-10-02,2018-10-02,2022-06-27,,www.oneeastcoast.com.hk
5505,峻巒發展項目,PARK VISTA DEVELOPMENT,PHASE 2B,18 CASTLE PEAK ROAD TAM MI YUEN LONG,元朗 青山公路潭尾段 18號,錦田北,22.453487675678513,114.05163447189056,Y,2018-09-10,2018-09-10,,,www.parkyoho.com/napoli
5585,,77/79 PEAK ROAD,,"77,79,79A PEAK ROAD","山頂道 77,79,79A號",山頂區,22.264629977224306,114.15426624226438,N,2021-01-15,2018-10-26,2025-04-16,,www.7779peakroad.com.hk
5586,富豪．山峯,MOUNT REGALIA,,23 LAI PING ROAD SHA TIN,沙田 麗坪路 23號,沙田,22.41256858078303,114.2002352005943,Y,2019-03-12,2019-03-14,,,www.mountregalia.hk
5606,泓碧,ALTISSIMO,,11 YIU SHA ROAD SHA TIN,沙田 耀沙路 11號,馬鞍山,22.434188864253066,114.24329794477444,Y,2018-11-13,2018-11-13,,,www.altissimo.hk
5646,瑧尚,ARTISAN GARDEN,,68 KOWLOON CITY ROAD,九龍城道 68號,馬頭角,22.31812042880211,114.18909318947601,N,2019-02-28,2019-03-06,2021-12-16,,www.artisangarden.com.hk
5667,AVA 228,AVA 228,,228 TAI NAN STREET,大南街 228號,長沙灣,22.327738527331473,114.1627612771249,N,2019-02-11,2019-02-11,,2026-05-11,www.ava228.com.hk
5685,半山捌號,CENTRAL 8,,8 MOSQUE STREET,摩羅廟街 8號,半山區西部,22.279643022951,114.15230845767212,N,2020-05-20,2020-05-20,,2025-10-20,www.central8.com
5705,,11 PLANTATION ROAD,,11 PLANTATION ROAD,種植道 11號,山頂區,22.26884785712455,114.15238019540894,Y,,2018-11-16,,,www.11plantationroad.com.hk
5745,珀爵,MANOR PARC,,3 TAN KWAI TSUEN LANE HUNG SHUI KIU,洪水橋 丹桂村里 3號,唐人新村,22.42939631464993,113.99962194180841,Y,2018-11-20,2018-11-23,,,www.manorparc.com.hk
5765,淺水灣108,PULSA,,108 REPULSE BAY ROAD,淺水灣道 108號,壽臣山及淺水灣,22.233122704562333,114.20002044232785,Y,2019-02-28,2019-03-08,,,www.pulsa.com.hk
5785,翠雅山,TRIAZZA,,383 TAI PO ROAD,大埔道 383號,長沙灣,22.343436868356015,114.15360519481817,Y,2018-11-17,2018-11-26,,,www.triazza.com
5845,愉景灣,DISCOVERY BAY CITY,PHASE 16 ON AREA N1D,3 BAYSIDE DRIVE LANTAU ISLAND,大嶼山 堤畔徑 3號,愉景灣,22.30746900096607,114.01522707276194,N,2019-02-11,2019-03-05,,2025-08-01,www.poggibonsi.com.hk
585,,IMPERIAL KENNEDY,,68 BELCHER'S STREET,卑路乍街 68號,堅尼地城及摩星嶺,22.2825405,114.1285267,Y,2013-10-24,2013-10-24,,,www.imperialkennedy.com.hk
5865,緹山,MONT ROUGE,,9 LUNG KUI ROAD,龍駒道 9號,石硤尾,22.343825569855372,114.17152436957554,N,2019-02-04,2019-02-04,2023-04-06,,www.themontrouge.com.hk
5886,匯璽發展項目,CULLINAN WEST DEVELOPMENT,PHASE 5,28 SHAM MONG ROAD,深旺道 28號,西南九龍,22.32672314885135,114.1537884197993,Y,2019-07-23,2019-09-10,,,www.cullinanwest3.com.hk
5905,啟岸,THE VANTAGE,,63 MA TAU WAI ROAD,馬頭圍道 63號,紅磡,22.312078940432627,114.18801716406722,N,2019-02-15,2019-02-21,,2025-06-16,www.thevantage.com.hk
5925,碧麗軒,BISNEY CREST,,57 BISNEY ROAD,碧荔道 57號,薄扶林,22.26934876710448,114.12634743501655,N,2020-07-08,2020-07-08,2025-01-28,,www.bisneycrest.com.hk
5945,,ONE EIGHTY,,180 SHAU KEI WAN ROAD,筲箕灣道 180號,筲箕灣,22.28071937686132,114.2231962051294,N,2019-07-04,2019-09-19,2023-10-01,,www.OneEighty.hk
5965,海日灣II,CENTRA HORIZON,,18 CHONG SAN ROAD SHA TIN,沙田 創新路 18號,白石角(東部),22.428414779901466,114.2065091965411,Y,2019-03-26,2019-03-27,,,www.centrahorizon.com.hk
6005,家壹,THE ADDITION,,342-356 UN CHAU STREET,元州街 342-356號,長沙灣,22.3378743,114.15642960000002,Y,2019-03-28,2019-03-28,,,www.theaddition.com.hk
6045,日出康城,LOHAS PARK,PHASE VIIA,1 LOHAS PARK ROAD SAI KUNG,西貢 康城路 1號,將軍澳,22.29377809572741,114.26994980760241,Y,2019-04-25,2019-04-26,,,www.montara.com.hk
6065,尚．珒溋,UPPER RIVERBANK,,11 MUK TAI STREET,沐泰街 11號,啓德,22.32797818610665,114.19892189202858,Y,2019-09-09,2019-09-11,,,www.urbhk.com
6145,日出康城,LOHAS PARK,PHASE VIIB,1 LOHAS PARK ROAD SAI KUNG,西貢 康城路 1號,將軍澳,22.29482918313944,114.27086477074385,N,2019-06-15,2019-06-19,2021-04-23,,www.grandmontara.com.hk
6146,,OMA OMA,,108 SO KWUN WAT ROAD TUEN MUN,屯門 掃管笏路 108號,屯門,22.372471036478082,114.00293675544071,N,2019-06-18,2019-06-18,,2026-06-29,www.omaoma.hk
6185,,21 BORRETT ROAD,PHASE 1,21 BORRETT ROAD,波老道 21號,半山區西部,22.272699499717287,114.1641024778155,Y,2020-11-30,2021-01-04,,,www.21borrettroad.hk
6205,朗濤,ONTOLO,,7 FO YIN ROAD TAI PO,大埔 科研路 7號,白石角(東部),22.429325763603056,114.20857886645854,Y,2019-07-09,2019-07-09,,,www.ontolo.com.hk
6245,山水盈,CRESCENT GREEN,,3 KO PO PATH YUEN LONG,元朗 高埔徑 3號,錦田北,22.44604732568928,114.05107092449589,Y,2019-10-15,2019-10-21,,,www.crescentgreen.com.hk
625,,COHO,,18 SCHOOL STREET,書館街 18號,銅鑼灣,22.278563,114.1912805,N,2014-03-14,2014-03-24,2017-05-04,,www.cohohk.com
6265,日出康城,LOHAS PARK,PHASE IXA,1 LOHAS PARK ROAD SAI KUNG,西貢 康城路 1號,將軍澳,22.293066971346438,114.26885178105927,N,2019-08-20,2019-08-20,2022-08-01,,www.marini.com.hk
6285,日出康城,LOHAS PARK,PHASE IXB,1 LOHAS PARK ROAD SAI KUNG,西貢 康城路 1號,將軍澳,22.292624437966406,114.26854646139657,N,2019-08-30,2019-08-30,2022-08-01,,www.grandmarini.com.hk
6325,雋睿,AYTON,,"16, 18 INVERNESS ROAD","延文禮士道 16, 18號",九龍塘,22.330948081787216,114.18570174772208,N,2020-05-05,2020-05-11,,2026-07-08,www.ayton.com.hk
6345,明翹匯,THE GRAND MARINE,,18 SAI SHAN ROAD TSING YI,青衣 細山路 18號,青衣,22.34402513261886,114.10584104161171,N,2019-10-15,2019-10-15,2026-07-21,,www.thegrandmarine.com.hk
6365,傲玟,GRAND HOMM,,17 SHEUNG SHING STREET,常盛街 17號,何文田,22.317918518567776,114.17997068782597,Y,2019-08-26,2019-09-01,,,www.grandhomm.hk
6385,峻源,THE ENTRANCE,,1 LOK WO SHA LANE MA ON SHAN,馬鞍山 落禾沙里 1號,馬鞍山,22.429493689815057,114.24765973009414,N,2019-08-27,2019-08-29,2021-12-31,,www.theentrance.com.hk
6405,駿嶺薈,THE CAVARIDGE,,38 LAI PING ROAD SHA TIN,沙田 麗坪路 38號,沙田,22.412541280462815,114.20123327402382,Y,2019-11-14,2019-11-14,,,www.thecavaridge.hk
6425,緹岸(在2024年2月19日前稱為恆大‧珺瓏灣),"OCEAN CAMINO (BEFORE 19 FEBRUARY 2024, THE DEVELOPMENT IS KNOWN AS EMERALD BAY)",PHASE 1,8 KWUN CHUI ROAD TUEN MUN,屯門 管翠路 8號,屯門,22.3752293,113.99878000000001,Y,2019-10-02,2019-10-04,,,www.emeraldbay.com.hk
6426,緹岸(在2024年2月19日前稱為恆大‧珺瓏灣),"OCEAN CAMINO (BEFORE 19 FEBRUARY 2024, THE DEVELOPMENT IS KNOWN AS EMERALD BAY)",PHASE 2,8 KWUN CHUI ROAD TUEN MUN,屯門 管翠路 8號,屯門,22.3752293,113.99878000000001,Y,2019-10-02,2019-10-04,,,www.emeraldbay.com.hk
6445,,CENTRAL PEAK DEVELOPMENT,PHASE 1,18 STUBBS ROAD,司徒拔道 18號,半山區東部,22.267539,114.17938200000003,Y,2020-10-28,2020-10-28,,,www.centralpeak.com.hk
645,九龍站發展項目,KOWLOON STATION DEVELOPMENT,PHASE VI,1 AUSTIN ROAD WEST,柯士甸道西 1號,西南九龍,22.3047399,114.1605633,Y,2013-09-30,2013-09-30,,,www.thecullinan.com.hk
6465,愉景灣,DISCOVERY BAY CITY,PHASE 18 ON PORTION OF AREA 2A,28 DISCOVERY VALLEY ROAD LANTAU ISLAND,大嶼山 愉景山道 28號,愉景灣,22.2920879,114.0091251,Y,2019-12-18,2020-01-03,,,ilpicco.com.hk
6485,,15 WESTERN STREET,,15 WESTERN STREET,西邊街 15號,西營盤及上環,22.2859025,114.1406131,N,2019-12-18,2019-12-30,2026-07-03,,www.15westernst.com.hk
65,迎海,DOUBLE COVE,PHASE 1,8 WU KAI SHA ROAD SHA TIN,沙田 烏溪沙路 8號,馬鞍山,22.4318558,114.2410972,Y,2014-02-10,2014-02-10,,,www.doublecove.com.hk
6505,睿峰(在2022年3月18日前稱為恆大 ·睿峰),THE VERTEX,,29 TONKIN STREET,東京街 29號,長沙灣,22.336008,114.15803699999992,Y,2019-11-28,2019-11-28,,,www.thevertex.com.hk
6525,日出康城,LOHAS PARK,PHASE IXC,1 LOHAS PARK ROAD SAI KUNG,西貢 康城路 1號,將軍澳,22.292312213666694,114.26821040932568,N,2020-03-03,2020-03-03,2023-11-01,,www.oceanmarini.com.hk
6527,,THE RICHMOND,,62C ROBINSON ROAD,羅便臣道 62C號,半山區西部,22.2810103,114.15003160000003,Y,2019-12-18,2020-01-02,,,www.therichmond.com.hk
6585,WETLAND LOT NO.34 DEVELOPMENT發展項目,WETLAND LOT NO.34 DEVELOPMENT,PHASE 1,9 WETLAND PARK ROAD TIN SHUI WAI,天水圍 濕地公園路 9號,天水圍,22.4663702,114.00526109999998,Y,2019-12-25,2019-12-26,,,www.wetlandseasonspark.com.hk
6605,君凱豪庭,SEA PANORAMA COURT,,561 FUK WA STREET,福華街 561號,長沙灣,22.338641530649017,114.15291914396029,N,2021-10-12,2021-11-11,,2025-10-16,www.seapanoramacourt.hk
6665,,133 PORTOFINO,,133 HONG KIN ROAD SAI KUNG,西貢 康健路 133號,西貢市,22.3762462,114.2701386,N,2020-01-10,2020-01-10,2026-02-26,,www.133portofino.hk
6685,,ST. GEORGE'S MANSIONS,,24A KADOORIE AVENUE,嘉道理道 24A號,何文田,22.321227278840798,114.17687337936138,Y,2020-07-17,2020-07-17,,,www.stgeorgesmansions.hk
6745,,OMA BY THE SEA,,166 CASTLE PEAK ROAD TAI LAM TUEN MUN,青山公路大欖段 166號,掃管笏,22.367097866604304,114.00194534110112,Y,2020-04-28,2020-04-28,,,www.omabythesea.com
6746,帝灣居,ROYAL COVE,,2 KA WO LI HILL ROAD TUEN MUN,屯門 嘉和里山路 2號,屯門,22.368969279538685,113.9960535639623,Y,2020-06-12,2020-06-18,,,royalcove.com.hk
6765,WETLAND LOT NO.34 DEVELOPMENT發展項目,WETLAND LOT NO.34 DEVELOPMENT,PHASE 2,9 WETLAND PARK ROAD TIN SHUI WAI,天水圍 濕地公園路 9號,天水圍,22.466912791190005,114.00521573210465,Y,2020-05-04,2020-05-08,,,www.wetlandseasonspark2.com.hk
6766,利奧坊‧曦岸,AQUILA.SQUARE MILE,,38 FUK CHAK STREET,福澤街 38號,旺角,22.3204546,114.1607178,Y,2020-05-08,2020-05-12,,,www.aquila-squaremile.com.hk
6805,畔海,SEASIDE CASTLE,,9 CHING LAI ROAD TUEN MUN,屯門 澄麗路 9號,屯門,22.36517433634827,114.01200770568113,N,2021-04-20,2021-05-26,,2025-08-27,www.seasidecastle.hk
6825,壽臣山15號,NO.15 SHOUSON,,15 SHOUSON HILL ROAD WEST,壽臣山道西 15號,香港仔及鴨脷洲,22.252026172674032,114.1797649520129,Y,2022-03-31,2022-05-16,,,www.15shouson.com
6845,,THE CAMPTON,1B,201 FUK WING STREET,福榮街 201號,長沙灣,22.3336402,114.1604125,N,2020-05-11,2020-05-19,2023-06-07,,www.thecampton.com.hk
6865,清水灣3號,3 CLEAR WATER BAY,,15 PIK SHA ROAD SILVERSTRAND SAI KUNG,西貢 銀線灣 碧沙路 15號,清水灣半島北,22.3203483,114.276193,Y,,2020-06-16,,,www.3clearwaterbay.com.hk
6866,愉景灣,DISCOVERY BAY CITY,17,,,愉景灣,22.295724847868605,114.013674016454,Y,,2020-05-22,,,www.ilpicco.com.hk/dbphase17
6885,傲寓,SABLIER,,8 FUK CHAK STREET,福澤街 8號,旺角,22.32044,114.161484,N,2020-09-16,2020-09-21,,2026-01-06,www.sablier.com.hk
6925,嘉琳,2 GRAMPIAN ROAD,,2 GRAMPIAN ROAD,嘉林邊道 2號,馬頭角,22.32787042541079,114.18654017795141,Y,2021-09-09,2021-09-09,,,www.2grampianrd.com.hk
6945,御海灣發展項目,REGENCY BAY DEVELOPMENT,1,23 HOI WONG ROAD TUEN MUN,屯門 海皇路 23號,屯門,22.381236733807814,113.97074310258958,N,2020-07-10,2020-07-13,,2025-08-29,www.regencybay.com.hk
6965,樂景園,BROADVIEW VILLA,,20 BROADWOOD ROAD,樂活道 20號,銅鑼灣,22.2700585,114.1872689,Y,,2020-07-23,,,www.broadviewvilla.com.hk
6967,WETLAND LOT NO.34 DEVELOPMENT發展項目,WETLAND LOT NO.34 DEVELOPMENT,PHASE 3,9 WETLAND PARK ROAD TIN SHUI WAI,天水圍 濕地公園路 9號,天水圍,22.46718165477368,114.00548457224495,Y,2020-09-01,2020-09-03,,,www.wetlandseasonspark3.com.hk
6985,,KOKO HILLS DEVELOPMENT,1,3 KO LING ROAD,高嶺道 3號,茶果嶺、油塘及鯉魚門,22.304799289639366,114.23013199060435,Y,2020-06-29,2020-06-30,,,www.kokohills.hk
7005,,128 WATERLOO,,128 WATERLOO ROAD,窩打老道 128號,何文田,22.3266882,114.1788394,Y,2020-09-21,2020-09-21,,,www.128waterloo.com.hk
7025,帝御,THE ROYALE,PHASE 1 OF THE ROYALE,8 CASTLE PEAK ROAD CASTLE PEAK BAY TUEN MUN,屯門 青山公路青山灣段 8號,屯門,22.373915972752936,113.99171293101163,Y,2020-07-15,2020-07-21,,,www.seacoastroyale.com.hk
7045,,37 SHOUSON HILL ROAD,,37 SHOUSON HILL ROAD,壽山村道 37號,壽臣山及淺水灣,22.2488957,114.181046,Y,,2020-09-10,,,www.37shousonhill.hk
7065,,EIGHT KWAI FONG HAPPY VALLEY,,8 KWAI FONG STREET,桂芳街 8號,黃泥涌,22.266708,114.187235,N,2020-08-20,2020-09-02,2024-08-30,,www.8kwaifong.com.hk
7066,瑧譽,VILLA LA PLAGE,,"51,53,55,57,59,61,63 CASTLE PEAK ROAD CASTLE PEAK BAY TUEN MUN","屯門 青山公路青山灣段 51,53,55,57,59,61,63號",屯門,22.374398375350406,113.98679840803075,N,2020-11-11,2020-11-12,2026-02-10,,www.villalaplage.hk
7105,南嶼嵩林,MT. LA VIE,,7 HOI SHA PATH LANTAU ISLAND,大嶼山 海沙徑 7號,大嶼山南岸,22.236385360600014,113.95670501657735,N,2021-01-05,2021-01-06,2026-09-10,,www.mtlavie.com
7145,,FRASER VILLAGE,,,,元朗,22.43638508722997,114.02810285695908,Y,,2020-10-06,,,villagefraser8.wixsite.com/fraservillage
7165,,MONACO DEVELOPMENT,1,12 MUK TAI STREET,沐泰街 12號,啓德,22.32680108400423,114.20019214165973,Y,2020-12-16,2021-01-06,,,www.monaco.hk
7185,維港1號,ONE VICTORIA,,21 SHING FUNG ROAD,承豐道 21號,啓德,22.313243104784785,114.206963240889,Y,2021-06-21,2021-06-21,,,www.onevictoria.com.hk
7205,尚悅‧天城,THE HAMPSTEAD REACH,,8 PING KIN LANE YUEN LONG,元朗 屏健里 8號,唐人新村,22.439924749243083,114.0143393284081,Y,2020-12-07,2021-02-19,,,www.thehampsteadreach.com.hk
7225,柏傲莊,THE PAVILIA FARM,1,18 CHE KUNG MIU ROAD SHA TIN,沙田 車公廟路 18號,沙田,22.373207355824785,114.1804384141099,Y,2020-09-29,2020-10-06,,,www.thepaviliafarm.com.hk
7226,柏傲莊,THE PAVILIA FARM,2,18 CHE KUNG MIU ROAD SHA TIN,沙田 車公廟路 18號,沙田,22.372846489929376,114.18005519591308,Y,2020-10-22,2020-10-27,,,www.thepaviliafarm.com.hk/tpfii
7227,名日‧九肚山,EL FUTURO,,18 LAI PING ROAD SHA TIN,沙田 麗坪路 18號,沙田,22.410831004616536,114.20697328935745,Y,2020-10-17,2020-10-21,,,www.el-futuro.com.hk
7245,,EIGHT STAR STREET,,8 STAR STREET,星街 8號,灣仔,22.276362483714028,114.16812192580315,N,2020-11-18,2020-11-19,,2026-09-23,www.eightstarstreet.hk
7265,帝御,THE ROYALE,PHASE 2 OF THE ROYALE,8 CASTLE PEAK ROAD CASTLE PEAK BAY TUEN MUN,屯門 青山公路青山灣段 8號,屯門,22.37395924832654,113.9915394783658,Y,2020-10-21,2020-10-21,,,www.starfrontroyale.com.hk
7305,本木,ARBOUR,,2 TAK SHING STREET,德成街 2號,尖沙咀,22.3041089,114.1725926,Y,2020-11-06,2020-11-16,,,www.arbour.com.hk
7306,蔚藍東岸,MONTEGO BAY,,18 SHUNG SHUN STREET,崇信街 18號,茶果嶺、油塘及鯉魚門,22.29191146657587,114.23623705957019,Y,2020-11-18,2020-11-18,,,www.montegobay.com.hk
7325,瓏珀山發展項目,ST MICHEL DEVELOPMENT,PHASE 1,33 TO SHEK STREET SHA TIN,沙田 多石街 33號,沙田,22.37569875454321,114.20107153295558,Y,2021-03-22,2021-03-30,,,www.stmichel.com.hk/p1
7345,安峯,MOUNT ANDERSON,,23 ON HEI STREET,安禧街 23號,觀塘北部,22.328671641015006,114.23326787381421,N,2021-02-06,2021-02-06,2021-09-04,,www.mountanderson.com.hk
7365,,SILVERSANDS,,8 YIU SHA ROAD SHA TIN,沙田 耀沙路 8號,馬鞍山,22.43386517840453,114.24388708999369,N,2021-01-19,2021-01-19,2026-02-26,,www.silversands.hk
7385,,MONACO DEVELOPMENT,2,12 MUK TAI STREET,沐泰街 12號,啓德,22.32685931625775,114.19990347529571,Y,2021-02-16,2021-02-16,,,www.grandemonaco.hk
7405,維港滙,GRAND VICTORIA,1,6 LAI YING STREET,荔盈街 6號,西南九龍,22.328007870687358,114.14754790166211,Y,2021-03-02,2021-03-02,,,www.grandvictoria1.hk
7406,維港滙,GRAND VICTORIA,2,8 LAI YING STREET,荔盈街 8號,西南九龍,22.327452291128168,114.14821402225596,Y,2021-07-11,2021-07-11,,,www.grandvictoria2.hk
7407,維港滙,GRAND VICTORIA,3,8 LAI YING STREET,荔盈街 8號,西南九龍,22.327147615403533,114.14859968310945,Y,2021-03-13,2021-03-13,,,www.grandvictoria3.hk
7425,日出康城,LOHAS PARK,PHASE X,1 LOHAS PARK ROAD SAI KUNG,西貢 康城路 1號,將軍澳,22.292538646976652,114.26749832929644,Y,2021-01-06,2021-01-12,,,www.lp10.com.hk
7445,尚瓏,THE QUEENS,,160 QUEEN'S ROAD WEST,皇后大道西 160號,西營盤及上環,22.286753026125112,114.14504739532964,N,2021-02-02,2021-03-26,,2026-03-10,www.thequeens.hk
745,昇薈,THE VISIONARY,,1 YING HONG STREET LANTAU ISLAND,大嶼山 迎康街 1號,東涌市中心地區,22.296216,113.951606,N,2013-11-07,2013-11-13,,2026-06-05,the-visionary.com.hk
7465,,ONE SOHO,,32B SHANTUNG STREET,山東街 32B號,旺角,22.31666447829376,114.16803201968983,Y,2021-04-21,2021-04-21,,,www.onesoho.hk
7485,帝御,THE ROYALE,PHASE 3 OF THE ROYALE,8 CASTLE PEAK ROAD CASTLE PEAK BAY TUEN MUN,屯門 青山公路青山灣段 8號,屯門,22.374294938448664,113.99146220093142,Y,2021-01-22,2021-01-25,,,www.skypointroyale.com.hk
7505,,50 ISLAND ROAD,,50 ISLAND ROAD,香島道 50號,壽臣山及淺水灣,22.237700168915744,114.18881875901373,Y,,2021-02-10,,,www.50islandroad.com.hk
7525,,PRINCE CENTRAL,,195 PRINCE EDWARD ROAD WEST,太子道西 195號,何文田,22.324815634270788,114.17418762964854,Y,2021-02-22,2021-02-25,,,www.princecentral.com.hk
7545,瀚名,10 LASALLE,,10 LA SALLE ROAD,喇沙利道 10號,何文田,22.326805739456937,114.18204976014071,N,2021-02-04,2021-02-04,2022-12-19,,www.10LaSalle.com.hk
7565,堅尼地臺8號,8 KENNEDY TERRACE,,8 KENNEDY ROAD,堅尼地道 8號,半山區西部,22.276432387377415,114.15714998537821,Y,,2021-04-22,,,8kennedyterrace.hk
7585,港島南岸,THE SOUTHSIDE,1,11 HEUNG YIP ROAD,香葉道 11號,香港仔及鴨脷洲,22.24618908416891,114.16811828265968,Y,2021-04-16,2021-04-19,,,www.southland.hk
7605,逸南,THE UPPER SOUTH,,71 MAIN ST AP LEI CHAU,鴨脷洲大街 71號,香港仔及鴨脷洲,22.24389160660004,114.15567449403412,Y,2021-04-16,2021-05-11,,,www.theuppersouth.com.hk
7606,千望,UPTIFY,,31 YIN CHONG STREET,煙廠街 31號,旺角,22.3166798,114.1724997,N,2021-04-19,2021-04-26,,2025-08-15,www.uptify.com.hk
7625,,NO.3 REPULSE BAY ROAD,,3 REPULSE BAY ROAD,淺水灣道 3號,壽臣山及淺水灣,22.25580780555153,114.19394768706724,Y,2021-03-22,2021-04-19,,,www.3repulsebayroad.com.hk
7645,利．晴灣 23,L．LIVING 23,,23 PINE STREET,杉樹街 23號,旺角,22.320707424526475,114.16380646442681,N,2021-04-22,2021-05-05,,2026-06-12,www.lliving23.com
765,皇廷匯,LA VILLA DE LA SALLE,,"32, 34, 36, 38 LA SALLE ROAD","喇沙利道 32, 34, 36, 38號",九龍塘,22.3321339,114.1819152,N,2015-02-10,2015-03-06,2025-04-03,,www.32-38lasalle.com.hk
7665,,42 TUNG ST.,,42 TUNG STREET,東街 42號,西營盤及上環,22.28455416401911,114.14900882854235,Y,2021-06-20,2021-06-23,,,42tungst.hk
7666,,THE HENLEY,PHASE 1 OF THE HENLEY,7 MUK TAI STREET,沐泰街 7號,啓德,22.327009165609756,114.19815218704993,Y,2021-04-09,2021-04-27,,,www.thehenley.com.hk
7685,御海灣發展項目,REGENCY BAY DEVELOPMENT,2,23 HOI WONG ROAD TUEN MUN,屯門 海皇路 23號,屯門,22.38126226894405,113.97071877745702,Y,2021-04-08,2021-04-13,,,www.regencybay2.com.hk
7686,薈藍,THE MET. AZURE,,8 LIU TO ROAD TSING YI,青衣 寮肚路 8號,青衣,22.35759342655114,114.0967650507417,N,2021-07-28,2021-08-04,,2025-12-12,www.themet.com.hk/azure
77,名家匯,HILL PARAMOUNT,,18 HIN TAI STREET TAI WAI SHA TIN,沙田 大圍 顯泰街 18號,沙田,22.361577049763223,114.17585989181532,N,2014-06-05,2014-06-05,2023-04-20,,www.hillparamount.com.hk
7705,柏傲莊,THE PAVILIA FARM,3,18 CHE KUNG MIU ROAD SHA TIN,沙田 車公廟路 18號,沙田,22.371673,114.17884,Y,2021-05-18,2021-05-21,,,www.thepaviliafarm.com.hk/tpfiii
7725,,VAU RESIDENCE,,11 LIBERTY AVENUE,自由道 11號,何文田,22.318969,114.174559,Y,2021-06-03,2021-06-09,,,vauresidence.com.hk
7745,星凱‧堤岸,THE ARLES,,1 AU PUI WAN STREET FO TAN SHA TIN,沙田 火炭 坳背灣街 1號,沙田,22.394825999545134,114.19728792907603,Y,2021-09-29,2021-09-29,,,www.thearles.com.hk
7765,芳菲,MADERA GARDEN,,5 VICTORY AVENUE,勝利道 5號,何文田,22.3192643,114.1743575,Y,2021-07-09,2021-07-15,,,www.madera-garden.com.hk
7785,曼翹,MANGROVE,,68 MA TAU WAI ROAD,馬頭圍道 68號,紅磡,22.309089015243508,114.18741322951882,N,2021-08-31,2021-09-09,,2025-08-20,mangrove.hk
7786,海璇發展項目,VICTORIA HARBOUR DEVELOPMENT,2B-3,123 JAVA ROAD,渣華道 123號,北角,22.292890161703525,114.20149049552315,Y,2024-09-17,2024-09-18,,,www.victoriaharbour2b3.com.hk
7787,港島南岸,THE SOUTHSIDE,2,11 HEUNG YIP ROAD,香葉道 11號,香港仔及鴨脷洲,22.246914578982196,114.16788788432079,Y,2021-08-16,2021-08-17,,,www.lamarina.com.hk
7805,,CENTRAL PEAK DEVELOPMENT,PHASE 2,18 STUBBS ROAD,司徒拔道 18號,半山區東部,22.267715126064783,114.17943839277612,Y,2021-09-17,2021-09-23,,,www.centralpeak2.com.hk
7825,南屏匯,LA ALDEA,,8 PING PAK LANE YUEN LONG,元朗 屏柏里 8號,屏山,22.440415658799743,114.00521964233921,Y,2021-08-30,2021-09-01,,,www.laaldea.hk
7845,THE YOHO HUB 發展項目,THE YOHO HUB DEVELOPMENT,B,1 LONG LOK ROAD YUEN LONG,元朗 朗樂路 1號,元朗,22.446101543529345,114.03497667293861,Y,2021-12-10,2021-12-14,,,www.theyohohub.com.hk
7865,大學閣,UNIVERSITY HEIGHTS,,42 KOTEWALL ROAD,旭龢道 42號,半山區西部,22.281739098103785,114.14105037467526,N,2021-07-20,2021-07-20,2026-04-16,,www.universityheights.hk
7866,畢架‧金峰,MOUNT ARCADIA,,8388 TAI PO ROAD SHA TIN HEIGHTS SHA TIN,沙田 大埔公路沙田嶺段 8388號,沙田,22.361819957065087,114.1625185644233,Y,2021-07-05,2021-07-05,,,www.mountarcadia.com.hk
7867,WETLAND LOT NO.33 DEVELOPMENT發展項目,WETLAND LOT NO.33 DEVELOPMENT,PHASE 1,1 WETLAND PARK ROAD TIN SHUI WAI,天水圍 濕地公園路 1號,天水圍,22.466465385325744,114.0059938713203,Y,2021-08-03,2021-08-05,,,www.wetlandseasonsbay.com.hk
7885,南天第,ANSALDO,,11A SHOUSON HILL ROAD WEST,壽臣山道西 11A號,壽臣山及淺水灣,22.251385328361074,114.17936670712443,Y,2021-07-08,2021-07-12,,,ansaldo.com.hk/eng
7886,瓏碧,ALLEGRO,,138 CARPENTER ROAD,賈炳達道 138號,馬頭角,22.330782342059507,114.18736493088078,N,2022-05-05,2022-05-05,,2026-03-24,www.allegro-hk.com
7905,上嵐,SKYEHI,,2 KING SAU LANE TUEN MUN,屯門 景秀里 2號,屯門,22.40561432665193,113.98226599027815,N,2021-07-09,2021-07-14,2026-07-28,,www.skyehi.com.hk
7925,,#LYOS,,2 HUNG YUEN ROAD YUEN LONG,元朗 洪元路 2號,洪水橋及厦村,22.438136308922875,113.99584966843477,Y,2021-10-19,2021-10-25,,,www.lyos.hk
7945,,THE HENLEY,PHASE 3 OF THE HENLEY,7 MUK TAI STREET,沐泰街 7號,啓德,22.326808279494585,114.19833003529223,Y,2021-07-30,2021-08-24,,,www.thehenley.com.hk
7965,,KENNEDY 38,,38 BELCHER'S STREET,卑路乍街 38號,堅尼地城及摩星嶺,22.2827573,114.1299777,Y,2021-10-19,2021-10-22,,,www.kennedy38.com
8005,皓日,THE APERTURE,,11 NGAU TAU KOK ROAD,牛頭角道 11號,牛頭角及九龍灣,22.326399599972362,114.21442710335903,Y,2021-11-18,2021-11-18,,,www.theaperture.com.hk
8025,,KOKO HILLS DEVELOPMENT,2,8 KO LING ROAD,高嶺道 8號,茶果嶺、油塘及鯉魚門,22.303907,114.22937,Y,2021-09-26,2021-09-26,,,www.kokoreserve.hk
8045,WETLAND LOT NO. 33 DEVELOPMENT發展項目,WETLAND LOT NO. 33 DEVELOPMENT,PHASE 2,1 WETLAND PARK ROAD TIN SHUI WAI,天水圍 濕地公園路 1號,天水圍,22.470725,114.003477,Y,2021-10-28,2021-10-29,,,www.wetlandseasonsbay2.com.hk
8065,,MONACO ONE DEVELOPMENT,1,10 MUK TAI STREET,沐泰街 10號,啓德,22.32674740946331,114.19929395258148,Y,2021-10-28,2021-10-28,,,www.monacoone.hk
8085,海茵莊園,MANOR HILL,,1 SHEK KOK ROAD TSEUNG KWAN O,將軍澳 石角路 1號,將軍澳,22.2962399,114.2737372,Y,2021-10-11,2021-10-21,,,www.manorhill.com.hk
8105,華第,CADENZA,PHASE 1,333 FAN KAM ROAD NORTH,北區 粉錦公路 333號,古洞南,22.4793739283657,114.11172113651438,Y,2021-11-03,2021-11-08,,,www.cadenza1.com.hk
8125,,ONE CENTRAL PLACE,,23&25 PEEL STREET,卑利街 23&25號,西營盤及上環,22.2835365,114.1534354,Y,2021-11-29,2021-12-02,,,www.onecentralplace.hk
8145,緹外,MONT VERRA,,3 LUNG KUI ROAD,龍駒道 3號,石硤尾,22.34296081846679,114.16989830937183,Y,2021-11-11,2021-11-16,,,www.montverra.com.hk
8165,,CAINE HILL,,73 CAINE ROAD,堅道 73號,西營盤及上環,22.2815141,114.1519868,N,2021-12-03,2021-12-07,,2025-10-22,www.cainehill.com.hk
8185,宏豐臺10號,10 WANG FUNG TERRACE,,10 & 10A WANG FUNG TERRACE,宏豐臺 10 & 10A號,銅鑼灣,22.275088768992568,114.19248741699326,Y,2022-01-04,2022-06-02,,,www.1010awangfungterrace.com
8205,,MONACO ONE DEVELOPMENT,2,10 MUK TAI STREET,沐泰街 10號,啓德,22.3261865306943,114.199976684154,Y,2022-04-07,2022-04-08,,,www.monacomarine.hk
8225,,TWENTY PEAK ROAD BY V,,20 PEAK ROAD,山頂道 20號,山頂區,22.272037079536208,114.16902085401378,N,2021-11-22,2021-11-25,2025-10-03,,www.twentypeakroad.hk
8245,瓏珀山發展項目,ST MICHEL DEVELOPMENT,PHASE 2,33 TO SHEK STREET SHA TIN,沙田 多石街 33號,沙田,22.375828,114.20137,Y,2022-04-14,2022-04-15,,,www.stmichel.com.hk/p2
8265,雋薈,SOYO,,63 SOY STREET,豉油街 63號,旺角,22.317166632976374,114.17258195916109,N,2021-12-14,2021-12-17,2026-03-04,,www.soyo.hk
8285,映築,THE HARMONIE,,233 CASTLE PEAK ROAD,青山道 233號,長沙灣,22.336463965846285,114.15845687142192,Y,2022-01-07,2022-01-11,,,www.theharmonie.com.hk
8305,,THE DRAKE,,1 TSING LUNG ROAD TUEN MUN,屯門 青龍路 1號,屯門,22.367089938969663,113.99691798319614,N,2022-05-20,2022-08-12,2024-10-18,,www.thedrake.com.hk
8325,,THE HENLEY,PHASE 2 OF THE HENLEY,7 MUK TAI STREET,沐泰街 7號,啓德,22.326424,114.19845,Y,2022-02-07,2022-04-20,,,www.thehenley.com.hk
8345,利奧坊 ‧ 壹隅,THE QUINN ‧ SQUARE MILE,,5 SHAM MONG ROAD,深旺道 5號,旺角,22.320495116187722,114.1601045607963,N,2022-04-11,2022-04-19,,2026-07-08,www.thequinn-squaremile.com.hk
8346,華第,CADENZA,PHASE 2,333 FAN KAM ROAD A KUNG TIN YUEN LONG,元朗 亞公田 粉錦公路 333號,古洞南,22.479519260641197,114.11174240918552,Y,,2022-02-23,,,www.cadenza2.com.hk
8365,柏瓏,GRAND MAYFAIR,PHASE 1A,29 KAM HO ROAD YUEN LONG,元朗 錦河路 29號,錦田南,22.434488,114.06282,Y,2022-04-13,2022-04-14,,,www.grandmayfair.hk/GM1
8405,大埔市地段第244號發展項目,TAI PO TOWN LOT NO. 244 DEVELOPMENT,PHASE 1,63 YAU KING LANE TAI PO,大埔 優景里 63號,大埔,22.427450,114.20209,Y,2022-05-16,2022-05-18,,,www.siliconhill.com.hk
8406,柏瓏,GRAND MAYFAIR,PHASE 1B,29 KAM HO ROAD YUEN LONG,元朗 錦河路 29號,錦田南,22.434646,114.06275,Y,2022-05-11,2022-05-12,,,www.grandmayfair.hk/GM2
8425,環角道18號,18 CAPE ROAD,,"18A, 18B, 18C, 18D CAPE ROAD","環角道 18A, 18B, 18C, 18D號",赤柱,22.2165131,114.2052187,Y,2026-03-02,2022-05-12,,,www.18caperoad.com
8426,24及26侯王道,24&26 HAU WONG ROAD,,24&26 HAU WONG ROAD,侯王道 24&26號,馬頭角,22.32859222252661,114.18881542894611,N,2022-06-15,2022-06-16,,2025-08-21,www.24-26hauwongroad.com
8445,大埔市地段第244號發展項目,TAI PO TOWN LOT NO. 244 DEVELOPMENT,PHASE 2A,63 YAU KING LANE TAI PO,大埔 優景里 63號,大埔,22.427957733836895,114.20167494126498,Y,2023-04-11,2023-04-13,,,www.universityhill.com.hk
8465,映岸,THE SYMPHONIE,,280 TUNG CHAU STREET,通州街 280號,長沙灣,22.32794368078542,114.15854919772949,N,2022-06-28,2022-06-28,2025-07-09,,www.thesymphonie.com.hk
8466,林海山城,VILLA LUCCA,,36 LO FAI ROAD TAI PO,大埔 露輝路 36號,大埔,22.462425582872175,114.19706787373735,Y,2022-07-19,2022-07-29,,,www.villalucca.com.hk
8485,喜‧揚,J LOFT,,93 APLIU STREET,鴨寮街 93號,長沙灣,22.328220788463785,114.16426725941115,Y,2022-05-27,2022-06-02,,,www.jloft.hk
8505,飛揚,GRAND JETÉ,PHASE 1,170 CASTLE PEAK ROAD TAI LAM TUEN MUN,屯門 青山公路大欖段 170號,屯門,22.368618081817253,113.99911007707688,Y,2022-06-08,2022-06-15,,,www.grandjete.hk
8506,嵐玥,THE ARCANA,,38 CHEUNG SHA LANTAU ISLAND,大嶼山 長沙 38號,大嶼山南岸,22.233802914561757,113.96132270282824,Y,2024-01-25,2024-02-02,,,www.thearcana.com.hk
8525,THE YOHO HUB 發展項目,THE YOHO HUB DEVELOPMENT,PHASE C,1 LONG LOK ROAD YUEN LONG,元朗 朗樂路 1號,元朗,22.4450325966013,114.03440046752435,Y,2024-04-22,2024-04-23,,,www.theyohohub2.com.hk
8545,日出康城,LOHAS PARK,PHASE XIB,1 LOHAS PARK ROAD SAI KUNG,西貢 康城路 1號,將軍澳,22.295939,114.26931,Y,2022-06-17,2022-06-20,,,www.villagardahk.com/VG1
8546,,BAKER CIRCLE ONE,PHASE 1 OF BAKER CIRCLE ONE,38 GILLIES AVENUE SOUTH,機利士南路 38號,紅磡,22.30695238508637,114.184682512625,Y,2022-06-06,2022-06-09,,,www.bakercircle.com.hk
8565,,LARCHWOOD,,62 LARCH STREET,洋松街 62號,旺角,22.32219788896357,114.16423435487901,N,2022-08-19,2022-08-23,,2025-10-23,www.themet.com.hk/larchwood
8585,佳悅,THE VIM,,225 HAI TAN STREET,海壇街 225號,長沙灣,22.32891578492167,114.15779804527877,N,2022-06-14,2022-06-27,,2026-04-17,www.thevim.com.hk
8605,,NOVO LAND,PHASE 1A,8 YAN PO ROAD TUEN MUN,屯門 欣寶路 8號,屯門,22.411449361776643,113.96997692606216,Y,2022-07-08,2022-07-14,,,www.novoland.com.hk
8625,日出康城,LOHAS PARK,PHASE XIC,1 LOHAS PARK ROAD SAI KUNG,西貢 康城路 1號,將軍澳,22.2955435627992,114.27000530787198,Y,2022-07-08,2022-07-09,,,www.villagardahk.com/VG2
8645,日出康城,LOHAS PARK,PHASE XID,1 LOHAS PARK ROAD SAI KUNG,西貢 康城路 1號,將軍澳,22.295075452459862,114.27059374389776,Y,2023-08-14,2023-08-14,,,www.villagardahk.com/VG3
8665,WETLAND LOT NO.33 DEVELOPMENT發展項目,WETLAND LOT NO.33 DEVELOPMENT,PHASE 3,1 WETLAND PARK ROAD TIN SHUI WAI,天水圍 濕地公園路 1號,天水圍,22.46938227394334,114.00375023686425,Y,2022-09-07,2022-09-09,,,www.wetlandseasonsbay3.com.hk
8666,,MIAMI QUAY,1,23 SHING FUNG ROAD,承豐道 23號,啓德,22.312093989907627,114.20816679800468,Y,2022-08-24,2022-08-31,,,www.miamiquay1.hk
8667,,ONE INNOVALE,PHASE 1,8 MA SIK ROAD FANLING,粉嶺 馬適路 8號,粉嶺北,22.502633223897874,114.14495161143583,Y,2022-07-26,2022-07-28,,,www.oneinnovale.com.hk
8685,弦岸,ARUNA,,8 PING LAN STREET,平瀾街 8號,香港仔及鴨脷洲,22.244544027155403,114.15678666035399,Y,2023-06-07,2023-06-07,,,www.aruna.com.hk
8686,雨後,AFTER THE RAIN (ATR),,21 WANG YIP STREET WEST YUEN LONG,元朗 宏業西街 21號,元朗,22.45010242383653,114.02777059535097,N,2023-02-18,2023-02-28,,2026-01-21,www.aftertherain.com.hk
8705,,NOVO LAND,PHASE 1B,8 YAN PO ROAD TUEN MUN,屯門 欣寶路 8號,屯門,22.410441359967134,113.96999339222259,Y,2022-08-04,2022-08-09,,,www.novoland1b.com.hk
8706,,1 PLANTATION ROAD,2,1 PLANTATION ROAD,種植道 1號,山頂區,22.26804465501103,114.15270056792622,Y,,2022-08-03,,,www.1plantationroad.com.hk
8707,,1 PLANTATION ROAD,3,1 PLANTATION ROAD,種植道 1號,山頂區,22.268041215748273,114.15263953045103,Y,,2022-08-03,,,www.1plantationroad.com.hk
8708,,1 PLANTATION ROAD,1,1 PLANTATION ROAD,種植道 1號,山頂區,22.268010660658298,114.15267827427037,Y,2025-04-16,2022-08-03,,,www.1plantationroad.com.hk
8725,柏瓏,GRAND MAYFAIR,PHASE 2,29 KAM HO ROAD YUEN LONG,元朗 錦河路 29號,錦田南,22.434387314160485,114.06257954085443,Y,2025-10-02,2025-10-02,,,www.grandmayfair.hk/GM3
8745,何文田站物業發展項目,HO MAN TIN STATION PROPERTY DEVELOPMENT,PHASE IA,1 CHUNG HAU STREET,忠孝街 1號,何文田,22.309757072184247,114.18249811855087,Y,2023-05-04,2023-05-08,,,www.inone.com.hk/phaseIA
8746,何文田站物業發展項目,HO MAN TIN STATION PROPERTY DEVELOPMENT,PHASE IB,1 CHUNG HAU STREET,忠孝街 1號,何文田,22.31025960648429,114.18276194345755,N,2023-03-08,2023-03-09,2026-07-15,,www.inone.com.hk/phaseIB
8747,,KOKO HILLS DEVELOPMENT,3A,3 KO LING ROAD,高嶺道 3號,茶果嶺、油塘及鯉魚門,22.30382616970907,114.22997532740877,Y,2023-02-02,2023-02-10,,,www.kokorosso.hk
8748,,KOKO HILLS DEVELOPMENT,3B,3 KO LING ROAD,高嶺道 3號,茶果嶺、油塘及鯉魚門,22.30344004519624,114.2303441334147,Y,2023-03-10,2023-03-16,,,www.kokomare.hk
8786,,ONE INNOVALE,PHASE 2,8 MA SIK ROAD FANLING,粉嶺 馬適路 8號,粉嶺北,22.503026905409566,114.14510179836736,Y,2022-09-08,2022-09-15,,,www.oneinnovale.com.hk
8805,城軒,THE UPTOWN,,"6, 8 & 10 MAIDSTONE ROAD","美善同道 6, 8 & 10號",馬頭角,22.3192265,114.1868378,Y,2023-11-06,2023-11-14,,,www.the-uptown.hk
8825,,ONE INNOVALE,PHASE 3,8 MA SIK ROAD FANLING,粉嶺 馬適路 8號,粉嶺北,22.50275274271391,114.14578660677678,Y,2022-10-18,2022-10-19,,,www.oneinnovale.com.hk
8845,峻巒發展項目,PARK VISTA DEVELOPMENT,PHASE 3,18 CASTLE PEAK ROAD TAM MI YUEN LONG,元朗 青山公路潭尾段 18號,錦田北,22.450100346986435,114.05373511917271,Y,2022-10-10,2022-10-12,,,www.parkyoho.com/bologna
8846,,BAKER CIRCLE ONE,PHASE 2 OF BAKER CIRCLE ONE,33 WHAMPOA STREET,黃埔街 33號,紅磡,22.306844506720694,114.1848876108594,Y,2022-09-19,2022-11-01,,,www.bakercircle.com.hk
8865,澐璟,PANO HARBOUR,,2 SHING FU LANE,承富里 2號,啓德,22.313317997374046,114.20547199949978,Y,2022-10-29,2022-10-31,,,www.panoharbour.hk
8885,譽林,GARDEN CRESCENT,,93 WATERLOO ROAD,窩打老道 93號,何文田,22.3248931,114.1781016,Y,2023-10-16,2023-10-25,,,www.gardencrescent.hk
8905,連方 I,BONDLANE I,,233 YEE KUK STREET,醫局街 233號,長沙灣,22.32931376928681,114.15818430869389,Y,2022-10-27,2022-10-27,,,www.bondlaneone.com.hk
8906,朗譽,CHILL RESIDENCE,,29 KO CHIU ROAD,高超道 29號,茶果嶺、油塘及鯉魚門,22.296010012668187,114.24194890080366,Y,2022-11-17,2022-11-21,,,www.chillresidence.com.hk
8907,,BAL RESIDENCE,,18 HANG ON STREET,恆安街 18號,觀塘南部,22.3157439,114.2223517,N,2023-02-23,2023-02-23,,2026-08-04,www.balresidence.com.hk
8925,凱玥,THE CORNICHE,,66 LEE NAM ROAD,利南道 66號,香港仔及鴨脷洲,22.239242399191888,114.1505356461158,Y,2022-11-11,2022-11-15,,,www.thecorniche.com.hk
8945,,HENLEY PARK,,8 MUK TAI STREET,沐泰街 8號,啓德,22.32581546632079,114.19919622134127,Y,2023-06-16,2023-06-19,,,www.henleypark.com.hk
8965,明雋,THE GRANDS,,45 PAU CHUNG STREET,炮仗街 45號,馬頭角,22.319380607976132,114.18864953973247,N,2023-06-15,2023-06-19,,2026-07-21,www.thegrands.com.hk
8985,,ONE WOOD ROAD,,1 WOOD ROAD,活道 1號,灣仔,22.277225028421864,114.1779329178377,N,2024-05-17,2024-05-17,2026-09-03,,www.onewoodroad.com.hk
9025,,VICTORIA COAST,,301 VICTORIA ROAD,域多利道 301號,薄扶林,22.270553977284315,114.12621043318046,Y,2023-09-13,2023-09-14,,,www.victoriacoast.com.hk
9045,雅苑,BEAUTY COURT,,82 ROBINSON ROAD,羅便臣道 82號,半山區西部,22.283033494128986,114.14457745677957,N,,2023-01-30,2023-09-28,,beautycourt.hk
9065,何文田站物業發展項目,HO MAN TIN STATION PROPERTY DEVELOPMENT,PHASE IC,1 CHUNG HAU STREET,忠孝街 1號,何文田,22.310339005210846,114.18271849744653,Y,2023-03-23,2023-03-25,,,www.inone.com.hk/phaseIC
9066,啟德海灣,KT MARINA,PHASE 1,15 SHING FUNG ROAD,承豐道 15號,啓德,22.315416928847828,114.20458144861801,Y,2023-10-15,2023-10-19,,,www.ktmarina.com.hk
9085,,NOVO LAND,PHASE 2B,8 YAN PO ROAD TUEN MUN,屯門 欣寶路 8號,屯門,22.411011396658484,113.96838339216212,Y,2023-02-10,2023-02-16,,,www.novoland2b.com.hk
9105,安英大廈,ON YING MANSION,,1136-1142 CANTON ROAD,廣東道 1136-1142號,旺角,22.32202596479679,114.16668209206675,N,2023-02-23,2023-03-03,2023-07-14,,www.onyingmansion.com
9106,薄扶林道138號,POK FU LAM ROAD 138,,138 POK FU LAM ROAD,薄扶林道 138號,薄扶林,22.2652806,114.1334345,N,2023-11-24,2023-12-01,,2026-06-30,www.138pokfulam.hk
9125,維港．雙鑽,TWIN VICTORIA,,2 SHING FUNG LANE,承豐里 2號,啓德,22.316571809634418,114.20302341880127,Y,2024-09-02,2024-09-02,,,www.twinvictoria.com.hk
9145,飛揚,GRAND JETÉ,PHASE 2,170 CASTLE PEAK ROAD TAI LAM TUEN MUN,屯門 青山公路大欖段 170號,屯門,22.368463752952874,114.00006187212713,Y,2023-03-01,2023-03-09,,,www.grandjete.hk
9146,,NOVO LAND,PHASE 2A,8 YAN PO ROAD TUEN MUN,屯門 欣寶路 8號,屯門,22.41078140189755,113.9686066359935,Y,2023-05-17,2023-05-24,,,www.novoland2a.com.hk
9147,,HAM TIN LOT 61 DEVELOPMENT,,DD 336 LOT 61 HAM TIN KAU TSUEN LANTAU ISLAND,大嶼山 鹹田舊村 DD 336 LOT 61號,大嶼山南岸,22.237417136539232,113.98496385335221,Y,,2023-03-08,,,www.dd336lot61.com
9165,天瀧,THE KNIGHTSBRIDGE,,22 SHING FUNG ROAD,承豐道 22號,啓德,22.312427136694897,114.20633403888502,Y,2023-03-24,2023-04-12,,,www.theknightsbridge.com.hk
9185,,8 & 8A POLLOCK'S PATH,,8 & 8A POLLOCK'S PATH,普樂道 8 & 8A號,山頂區,22.2683131,114.1584732,Y,,2023-05-05,,,www.8pollockspath.hk
9205,薈鳴,PHOENEXT,,28 MING FUNG STREET,鳴鳳街 28號,慈雲山、鑽石山及新蒲崗,22.344341882357583,114.19653186220579,N,2024-01-02,2024-01-02,2025-12-16,,www.themet.com.hk/phoenext
9225,,ELIZE PARK,,181 SAI YEE STREET,洗衣街 181號,旺角,22.3233549,114.170727,Y,2024-01-10,2024-01-23,,,www.elizepark.hk
9245,大埔市地段第244號發展項目,TAI PO TOWN LOT NO. 244 DEVELOPMENT,PHASE 2B,63 YAU KING LANE TAI PO,大埔 優景里 63號,大埔,22.428550391114143,114.20099994311433,Y,2023-05-02,2023-05-04,,,www.universityhill.com.hk/p2b
925,,339 TAI HANG ROAD,,339 TAI HANG ROAD,大坑道 339號,黃泥涌,22.262355,114.18976,N,2014-06-20,2014-07-18,2017-05-19,,www.339taihangroad.com
9265,滙都,HIGH PARK,PHASE 1,1 HUNG ON LANE YUEN LONG,元朗 洪安里 1號,洪水橋及厦村,22.434998585003694,113.99690601712757,N,2023-06-12,2023-07-03,2026-02-12,,www.highpark.hk/phase1
9266,滙都,HIGH PARK,PHASE 2,1 HUNG ON LANE YUEN LONG,元朗 洪安里 1號,洪水橋及厦村,,,N,2024-11-05,2024-11-14,2026-05-18,,www.highpark.hk/phase2
9285,寶峰,HIGH PEAK,,23 PO SHAN ROAD,寶珊道 23號,半山區西部,22.2806764,114.1429367,Y,2023-09-05,2023-09-05,,,www.highpeak.com.hk
9305,凱和山,MORI,,18 KWUN CHUI ROAD TUEN MUN,屯門 管翠路 18號,屯門,22.373762658211806,114.0012369850804,Y,2023-09-06,2023-09-11,,,www.mori.com.hk
9325,傲華,ORIA,,121 SHAU KEI WAN MAIN STREET EAST,筲箕灣東大街 121號,筲箕灣,22.278792,114.230256,Y,2023-05-22,2023-06-12,,,oria.hk
9345,港島南岸,THE SOUTHSIDE,PHASE 4A,11 HEUNG YIP ROAD,香葉道 11號,香港仔及鴨脷洲,22.24599274380479,114.1686007102418,Y,2023-06-19,2023-06-27,,,www.lamontagne.com.hk/phase4A
9346,港島南岸,THE SOUTHSIDE,PHASE 4B,11 HEUNG YIP ROAD,香葉道 11號,香港仔及鴨脷洲,22.246265,114.168867,Y,2026-04-24,2026-04-29,,,www.lamontagne.com.hk/phase4B
9365,歌賦山道15號,15 GOUGH HILL ROAD,,15 GOUGH HILL ROAD,歌賦山道 15號,山頂區,22.26647894322062,114.15545069016392,N,2023-07-20,2023-07-25,,2026-07-23,www.15ghr.com
9366,天璽．天發展項目,CULLINAN SKY DEVELOPMENT,PHASE 1,10 CONCORDE ROAD,協調道 10號,啓德,22.33192594410364,114.19942371337365,Y,2024-09-11,2024-09-12,,,www.cullinansky.com.hk
9385,親海駅,THE COAST LINE,PHASE 2,15 TUNG YUEN STREET,東源街 15號,茶果嶺、油塘及鯉魚門,22.29376081748824,114.23467040996407,N,2023-07-12,2023-07-26,2026-07-17,,www.thecoastline.com.hk
94,赤柱灘道六號,NO. 6 STANLEY BEACH ROAD ,,6 STANLEY BEACH ROAD,赤柱灘道 6號,赤柱,22.2232553,114.2141005,N,2025-02-26,2014-08-04,,2026-01-15,6stanleybeachroad.com.hk
9405,煥然懿居 第三座,ERESIDENCE TOWER 3,,2 HOK YUEN STREET,鶴園街 2號,紅磡,22.310771623752846,114.18821063669907,N,2023-09-13,2023-09-26,2024-08-05,,www.eresidencet3.hk
9406,澄天,SOUTHSKY,,80 OLD MAIN ST ABERDEEN,香港仔舊大街 80號,香港仔及鴨脷洲,22.247899867327877,114.1561890169872,Y,2023-10-08,2023-10-16,,,www.southsky.com.hk
9425,雙玥,THE DUET,,9& 11 LOK CHUI STREET TUEN MUN,屯門 樂翠街 9& 11號,屯門,22.365510980307093,114.0076697988692,Y,2024-07-12,2024-07-04,,,www.theduet.com.hk
9426,,BAKER CIRCLE ONE,PHASE 3 OF BAKER CIRCLE ONE,18 BULKELEY STREET,寶其利街 18號,紅磡,22.30714630737337,114.18501808931093,Y,2023-07-20,2023-07-25,,,www.bakercircle.com.hk
9445,親海駅,THE COAST LINE,PHASE 1,8 TUNG YUEN STREET,東源街 8號,茶果嶺、油塘及鯉魚門,22.293576975741,114.23393757668644,N,2023-07-24,2023-07-31,2026-07-17,,www.thecoastline.com.hk
9465,,MOUNT POKFULAM,,86A-G POK FU LAM ROAD,薄扶林道 86A-G號,半山區西部,22.27889418839936,114.1320359917261,Y,2024-01-11,2024-01-12,,,www.mountpokfulam.com
9485,泰峯,UPTOWN EAST,,55 KWUN TONG ROAD,觀塘道 55號,牛頭角及九龍灣,22.3311179,114.2101415,Y,2024-02-28,2024-03-04,,,uptowneast.com.hk
95,帝峯．皇殿,THE HERMITAGE,,1 HOI WANG ROAD,海泓道 1號,西南九龍,22.3174769,114.1646238,N,2020-05-20,2020-05-21,2020-07-08,,www.thehermitage.hk
9505,瑜悦,ECHO HOUSE,,28 TONKIN STREET,東京街 28號,長沙灣,22.33550743547931,114.15852303372871,N,2024-10-09,2024-10-09,,2025-11-04,www.echohouse.com.hk
9525,,COASTO,,1 WAI FUNG STREET,惠風街 1號,香港仔及鴨脷洲,22.24446866636732,114.15661421197697,N,2025-02-04,2025-02-07,,2026-06-11,www.themet.com.hk/coasto
9546,,JESSVILLE,,128 POK FU LAM ROAD,薄扶林道 128號,薄扶林,22.2674487,114.133322,N,2023-10-25,2023-11-09,,2025-11-04,www.jessville.com.hk
9565,天水圍市地段第23號發展項目,TIN SHUI WAI TOWN LOT NO. 23 DEVELOPMENT,1,1 TIN YAN ROAD TIN SHUI WAI,天水圍 天恩路 1號,天水圍,22.459677301338047,114.0023028888855,Y,2023-11-15,2023-11-15,,,www.yohowest.com.hk
9585,,SPRING GARDEN,,38 SPRING GARDEN LANE,春園街 38號,灣仔,22.274971719101355,114.17256872483843,N,2025-09-01,2025-10-06,,2026-07-08,www.springgarden.hk
96,龍苑,THE GRANDEUR,,23 GRAMPIAN ROAD,嘉林邊道 23號,九龍塘,22.3298699,114.1861899,Y,,2014-08-04,,,thegrandeur.com.hk
9605,灝然,HEMMA SAPPHIRE,,21 ON HEI STREET,安禧街 21號,觀塘北部,22.327479443517692,114.23261515928054,Y,2026-06-30,2026-08-20,,,hemmasapphire.hkhs.com
9606,朗然,HEMMA AMBER,,18 ON HEI STREET,安禧街 18號,觀塘北部,22.327231898671084,114.2338550241725,N,2023-11-02,2023-11-22,2025-11-07,,hemmaamber.hkhs.com
9607,海璇發展項目,VICTORIA HARBOUR DEVELOPMENT,2B-2,123 JAVA ROAD,渣華道 123號,北角,22.292843375955275,114.20116399345252,Y,2024-08-09,2024-08-15,,,www.victoriaharbour2b2.com.hk
9625,海天別墅,SEA AND SKY COURT,,92 STANLEY MAIN STREET,赤柱大街 92號,赤柱,22.21880965946622,114.21078836650193,Y,,2023-10-24,,,seaandskycourt.com.hk
9645,,MIAMI QUAY,2,23 SHING FUNG ROAD,承豐道 23號,啓德,22.315028147844036,114.20496702358689,Y,2025-02-12,2025-03-21,,,www.miamiquay2.hk
9646,,SOLACE,,52 & 54 STANLEY VILLAGE ROAD,赤柱村道 52 & 54號,赤柱,22.2204955,114.2114882,Y,2024-03-15,2024-03-15,,,www.solacehk.com
966,,TWELVE PEAKS,,12 MOUNT KELLETT ROAD,加列山道 12號,山頂區,22.265004094133342,114.15067874414353,Y,2014-06-06,2014-06-06,,,www.twelvepeaks.com.hk
9665,利奧坊．首隅,GATEWAY．SQUARE MILE,,1 KA SHIN STREET,嘉善街 1號,旺角,22.31973044127629,114.1618010922402,Y,2024-03-11,2024-03-13,,,www.gateway-squaremile.com.hk
967,,50 STANLEY VILLAGE ROAD,,50 STANLEY VILLAGE ROAD,赤柱村道 50號,赤柱,22.2206534,114.211026,Y,2015-03-20,2015-03-20,,,www.50stanleyvillageroad.com
9685,曉柏峰,THE PADDINGTON,,456 SAI YEUNG CHOI STREET NORTH,西洋菜北街 456號,長沙灣,22.3297081,114.1671327,N,2023-11-06,2023-11-09,2026-05-07,,www.thepaddington.com.hk
9725,峻譽．渣甸山,JARDINI,,135 TAI HANG ROAD,大坑道 135號,渣甸山及黃泥涌峽,22.271292120046255,114.19248192519072,Y,2024-04-10,2024-04-10,,,www.jardini.com.hk
9745,維港•灣畔,VICTORIA VOYAGE,PHASE 1A,18 SHING FUNG ROAD,承豐道 18號,啓德,22.314432240261535,114.20378304221958,Y,2025-07-30,2025-07-30,,,www.victoriavoyage.com.hk
9765,雅盈峰,CENTRAL RESIDENCE BY THE PARK,,3 GLENEALY,己連拿利 3號,西營盤及上環,22.27963257988113,114.1550113833139,Y,2026-01-14,2026-01-14,,,www.centralresidencebythepark.hk
9766,樂翹軒 I,EMINENCE TERRACE I,,12 HUNG SHUI KIU TIN SAM ROAD YUEN LONG,元朗 洪水橋田心路 12號,洪水橋及厦村,22.435393220796477,113.99575743117421,Y,2024-01-16,2024-01-31,,,eminenceterrace1.hkhs.com
9785,天璽·海發展項目,CULLINAN HARBOUR DEVELOPMENT,PHASE 1,26 SHING FUNG ROAD,承豐道 26號,啓德,22.311483123184317,114.20763306218223,Y,2024-02-22,2024-02-29,,,www.cullinanharbour.com.hk
9806,,BELGRAVIA PLACE,PHASE 1,1 BERWICK STREET,巴域街 1號,長沙灣,22.331399437830424,114.16610848653632,Y,2024-02-23,2024-02-23,,,www.belgraviaplace.com.hk
9825,何文田站物業發展項目,HO MAN TIN STATION PROPERTY DEVELOPMENT,PHASE IIA,1 CHUNG HAU STREET,忠孝街 1號,何文田,22.310149167660388,114.18267361327155,N,2024-04-08,2024-04-11,2024-12-23,,www.onmantin.com.hk/phaseIIA
9826,何文田站物業發展項目,HO MAN TIN STATION PROPERTY DEVELOPMENT,PHASE IIB,1 CHUNG HAU STREET,忠孝街 1號,何文田,22.309701384038746,114.1825506151599,N,2024-04-08,2024-04-11,2024-12-23,,www.onmantin.com.hk/phaseIIB
9827,港島南岸,THE SOUTHSIDE,3B,11 HEUNG YIP ROAD,香葉道 11號,香港仔及鴨脷洲,22.247048201446688,114.16775248491346,Y,2024-03-04,2024-03-20,,,www.bluecoast.hk/phase3B
9828,港島南岸,THE SOUTHSIDE,3C,11 HEUNG YIP ROAD,香葉道 11號,香港仔及鴨脷洲,22.24697966826483,114.16768971849008,Y,2024-09-02,2024-10-03,,,www.bluecoast.hk/phase3C
9829,日出康城,LOHAS PARK,PHASE XIIA,1 LOHAS PARK ROAD SAI KUNG,西貢 康城路 1號,將軍澳,22.294681669928003,114.27006306529587,Y,2024-03-11,2024-03-12,,,www.seasonsplace.hk
9830,日出康城,LOHAS PARK,PHASE XIIB,1 LOHAS PARK ROAD SAI KUNG,西貢 康城路 1號,將軍澳,22.294396933099684,114.26996794569858,Y,2024-03-26,2024-04-08,,,www.parkseasons.hk
9845,佳美道18號,18 CARMEL ROAD,,18 CARMEL ROAD,佳美道 18號,赤柱,22.2201041,114.2106523,N,2024-10-28,2024-11-07,2025-09-15,,www.18carmelroad.com.hk
9846,連方 II,BONDLANE II,,268 HAI TAN STREET,海壇街 268號,長沙灣,22.329335,114.157746,Y,2024-03-22,2024-03-22,,,www.bondlanetwo.com.hk
9865,,ONE STANLEY,,128 WONG MA KOK ROAD,黃麻角道 128號,赤柱,22.20547553051712,114.21361491731706,Y,2024-03-28,2024-03-28,,,www.onestanley.com.hk
9885,隆敍,TERRA,,296 PRINCE EDWARD ROAD WEST,太子道西 296號,何文田,22.3266077,114.1817554,Y,2024-06-12,2024-06-12,,,terraluxuryhk.com
99,,K11,THE MASTERPIECE,18 HANOI ROAD,河內道 18號,尖沙咀,22.2975,114.173889,N,2014-06-26,2014-07-11,,2025-10-24,www.themasterpiece.com.hk
9905,高臨,TOPSIDE RESIDENCES,,350 NATHAN ROAD,彌敦道 350號,油麻地,22.307208072857325,114.17192101864438,Y,2024-03-15,2024-04-16,,,www.topsideresidences.com.hk
9925,,ONE JARDINE'S LOOKOUT,,1 WANG TAK STREET,宏德街 1號,黃泥涌,22.2683619,114.1838508,N,2024-09-18,2024-09-19,,2025-09-19,www.onejardineslookout.hk
9945,尚逸,DES VOEUX W RESIDENCE,,328 DES VOEUX ROAD WEST,德輔道西 328號,西營盤及上環,22.287117541976286,114.13842957923372,Y,2024-06-14,2024-06-18,,,www.desvoeuxwresidence.com.hk
9946,恒珀,AMBER PLACE,,1 CHEUNG WAH STREET,昌華街 1號,長沙灣,22.3383821,114.1527854,N,2024-06-11,2024-06-14,2026-04-29,,www.amberplace.com.hk
9965,,FINNIE,,9 FINNIE STREET,芬尼街 9號,鰂魚涌,22.288792955616884,114.2100857928342,N,2024-08-08,2024-08-08,2026-07-13,,www.themet.com.hk/finnie
9985,吉喆,THE HIGHLINE,,33 CATCHICK STREET,吉席街 33號,堅尼地城及摩星嶺,22.283444676444653,114.12818197426725,Y,2024-05-28,2024-05-29,,,www.the-highline.com
