ym,lot,address,development,vendor,est_completion,units
2026-08,Lot 385 RP in DD 352 & Exts,"No. 1 Toscana Drive, Lantau Island, New Territories",Phase 19-2B Discovery City,of Hong Kong Bay Resort Company Limited,17/11/2026,40
2026-08,NKIL 6458 RP,Pending,Pending (Phase 1),Best Power (Asia) Limited and Jumbo Power Enterprises Limited,30/11/2026,361
2026-08,NKIL 6458 RP,Pending,Pending (Phase 2),Best Power (Asia) Limited and Jumbo Power Enterprises Limited,30/06/2027,410
2026-08,FSSTL 279,"No. 29 Heung Tsz Road, North, New Territories (Provisional)",Pending (Phase 1),Asset Capital Limited,30/11/2027,642
2026-08,IL 9081,Pending,Pending,Urban Renewal Authority,30/12/2027,210
2026-08,Lot 1696 in DD 115,"No. 28 Ho Chau Road, New Territories",Pending (Phase 1B),Richduty Development Limited,31/12/2027,304
2026-08,IL 9061,Pending,Pending,Achieve Bright Limited,31/12/2027,162
2026-08,RBL 1211,"No. 2 Mansfield Road, Hong Kong",Pending (Phase 2),Novel Bliss Limited,31/12/2027,22
2026-08,RBL 1211,"No. 2 Mansfield Road, Hong Kong",Pending (Phase 1),Novel Bliss Limited,31/12/2027,11
2026-08,RBL 1211,"No. 2 Mansfield Road, Hong Kong",Pending (Phase 3),Novel Bliss Limited,31/12/2027,8
2026-08,Lot 1696 in DD 115,"No. 28 Ho Chau Road, New Territories",Pending (Phase 1A),Richduty Development Limited,25/02/2028,665
2026-08,TPTL 253,"RP No. 8 Hoi Ying Road, Tai Po, New Territories",SAI SHA RESIDENCES (Phase 2C(2)),Light Time Investments Limited,28/03/2028,522
2026-08,RBL 1222,"Nos. 15, 17, 21 and 23 Mansfield Road, Hong Kong (Provisional)","19, Pending",Active Pursuit Limited,31/03/2028,16
2026-08,NKIL 6458 RP,Pending,Pending (Phase 3A),Best Power (Asia) Limited and Jumbo Power Enterprises Limited,30/06/2028,411
2026-08,KIL 11276,"No. 8 Ngan Hon Street, Kowloon (Provisional)",Pending (Phase 1),Urban Renewal Authority,30/06/2028,410
2026-08,KIL 11276,"No. 8 Ngan Hon Street, Kowloon (Provisional)",Pending (Phase 2),Urban Renewal Authority,30/06/2028,259
2026-08,KIL 11285,"No. 88 Wing Kwong Street, Kowloon (Provisional)",Pending,Urban Renewal Authority,25/07/2028,451
2026-08,KIL 11275 RP,"No. 23 Kai Ming Street, Kowloon",Pending,Urban Renewal Authority,30/09/2028,566
2026-08,KIL 11277 RP,"No. 28 Kai Ming Street, Kowloon",Pending,Urban Renewal Authority,30/09/2028,474
2026-08,STTL 623,"No. 3 Yuen Shun Circuit, Sha Tin, New Territories",Pending,Fair Opal Limited,15/12/2028,342
2026-08,NKIL 6631,"No. 8 Fat Tseung Street West, Kowloon (Provisional)",THE STERLING (Phase 2),Dragon Rider Development Limited,25/12/2028,407
2026-08,FSSTL 287,"No. 3 Heung Tsz Road, North, New Territories",Pending (Phase 1),Hong Kong Housing Society,31/12/2028,2006
2026-08,KIL 11293,"No. 463 To Kwa Wan Road, Kowloon",Pending (Phase 1),Hong Kong Housing Society,31/12/2028,800
2026-08,NKIL 6631,"No. 8 Fat Tseung Street West, Kowloon (Provisional)",THE STERLING (Phase 3),Dragon Rider Development Limited,25/01/2029,348
2026-08,NKIL 6631,"No. 8 Fat Tseung Street West, Kowloon (Provisional)",THE STERLING (Phase 4),Dragon Rider Development Limited,25/02/2029,310
2026-08,HSKTL 3,"No. 2 Hung Nga Road, Yuen Long, New Territories (Provisional)",Pending,Hong Kong Housing Society,30/06/2029,962
2026-08,NKIL 6647 RP,Pending,Pending (Phase B),Vision Charm Limited,30/06/2029,552
2026-08,IL 9089,Pending,Pending,Urban Renewal Authority,30/06/2029,231
2026-08,TCTL 50,"No. 8 Hei Tung Street, Tung Chung, New Territories",Pending (Phase 1),MTR Corporation Limited,31/10/2029,691
2026-08,TCTL 50,"No. 8 Hei Tung Street, Tung Chung, New Territories",Pending (Phase 2),MTR Corporation Limited,31/10/2029,387
